[0.000000] (-) TimerEvent: {}
[0.000254] (nav2_bringup) JobQueued: {'identifier': 'nav2_bringup', 'dependencies': OrderedDict()}
[0.000291] (turtlebot3_gazebo) JobQueued: {'identifier': 'turtlebot3_gazebo', 'dependencies': OrderedDict()}
[0.000464] (turtlebot3_simulations) JobQueued: {'identifier': 'turtlebot3_simulations', 'dependencies': OrderedDict([('turtlebot3_gazebo', '/home/daniel/Multi-robot-Navigation/install/turtlebot3_gazebo')])}
[0.000531] (turtlebot3_gazebo) JobStarted: {'identifier': 'turtlebot3_gazebo'}
[0.005469] (nav2_bringup) JobStarted: {'identifier': 'nav2_bringup'}
[0.010022] (turtlebot3_gazebo) JobProgress: {'identifier': 'turtlebot3_gazebo', 'progress': 'cmake'}
[0.010253] (turtlebot3_gazebo) Command: {'cmd': ['/usr/bin/cmake', '/home/daniel/Multi-robot-Navigation/src/turtlebot3_gazebo', '-DAMENT_CMAKE_SYMLINK_INSTALL=1', '-DCMAKE_INSTALL_PREFIX=/home/daniel/Multi-robot-Navigation/install/turtlebot3_gazebo'], 'cwd': '/home/daniel/Multi-robot-Navigation/build/turtlebot3_gazebo', 'env': OrderedDict([('LESSOPEN', '| /usr/bin/lesspipe %s'), ('LANGUAGE', 'en_IN:en'), ('USER', 'daniel'), ('ROS_PACKAGE_PATH', '/home/daniel/robots_ws/install/turtlebot3_fake/share'), ('XDG_SESSION_TYPE', 'x11'), ('SHLVL', '1'), ('LD_LIBRARY_PATH', '/usr/lib/x86_64-linux-gnu/gazebo-11/plugins:/opt/ros/humble/opt/rviz_ogre_vendor/lib:/opt/ros/humble/lib/x86_64-linux-gnu:/opt/ros/humble/lib'), ('HOME', '/home/daniel'), ('OLDPWD', '/home/daniel'), ('DESKTOP_SESSION', 'ubuntu'), ('ROS_PYTHON_VERSION', '3'), ('GNOME_SHELL_SESSION_MODE', 'ubuntu'), ('GTK_MODULES', 'gail:atk-bridge'), ('SYSTEMD_EXEC_PID', '5335'), ('DBUS_SESSION_BUS_ADDRESS', 'unix:path=/run/user/1000/bus'), ('COLORTERM', 'truecolor'), ('COLCON_PREFIX_PATH', '/home/daniel/CustomMultibot/install:/home/daniel/robots_ws/install:/home/daniel/dan_ws/install'), ('ROS_DISTRO', 'humble'), ('GTK_IM_MODULE', 'ibus'), ('LOGNAME', 'daniel'), ('_', '/usr/bin/colcon'), ('ROS_VERSION', '2'), ('PKG_CONFIG_PATH', '/home/daniel/robots_ws/install/turtlebot3_fake/lib/x86_64-linux-gnu/pkgconfig:/home/daniel/robots_ws/install/turtlebot3_fake/lib/pkgconfig'), ('XDG_SESSION_CLASS', 'user'), ('USERNAME', 'daniel'), ('TERM', 'xterm-256color'), ('GNOME_DESKTOP_SESSION_ID', 'this-is-deprecated'), ('ROS_LOCALHOST_ONLY', '30'), ('WINDOWPATH', '2'), ('PATH', '/opt/ros/humble/bin:/usr/local/sbin:/usr/local/bin:/usr/sbin:/usr/bin:/sbin:/bin:/usr/games:/usr/local/games:/snap/bin:/snap/bin:/usr/local/go/bin:/home/daniel/.spicetify'), ('SESSION_MANAGER', 'local/daniel-legion-5:@/tmp/.ICE-unix/3377,unix/daniel-legion-5:/tmp/.ICE-unix/3377'), ('XDG_MENU_PREFIX', 'gnome-'), ('GNOME_TERMINAL_SCREEN', '/org/gnome/Terminal/screen/1fad61a9_d142_4812_b808_1685e103ca42'), ('XDG_RUNTIME_DIR', '/run/user/1000'), ('DISPLAY', ':1'), ('LANG', 'en_US.UTF-8'), ('XDG_CURRENT_DESKTOP', 'ubuntu:GNOME'), ('XMODIFIERS', '@im=ibus'), ('XDG_SESSION_DESKTOP', 'ubuntu'), ('XAUTHORITY', '/run/user/1000/gdm/Xauthority'), ('LS_COLORS', 'rs=0:di=01;34:ln=01;36:mh=00:pi=40;33:so=01;35:do=01;35:bd=40;33;01:cd=40;33;01:or=40;31;01:mi=00:su=37;41:sg=30;43:ca=30;41:tw=30;42:ow=34;42:st=37;44:ex=01;32:*.tar=01;31:*.tgz=01;31:*.arc=01;31:*.arj=01;31:*.taz=01;31:*.lha=01;31:*.lz4=01;31:*.lzh=01;31:*.lzma=01;31:*.tlz=01;31:*.txz=01;31:*.tzo=01;31:*.t7z=01;31:*.zip=01;31:*.z=01;31:*.dz=01;31:*.gz=01;31:*.lrz=01;31:*.lz=01;31:*.lzo=01;31:*.xz=01;31:*.zst=01;31:*.tzst=01;31:*.bz2=01;31:*.bz=01;31:*.tbz=01;31:*.tbz2=01;31:*.tz=01;31:*.deb=01;31:*.rpm=01;31:*.jar=01;31:*.war=01;31:*.ear=01;31:*.sar=01;31:*.rar=01;31:*.alz=01;31:*.ace=01;31:*.zoo=01;31:*.cpio=01;31:*.7z=01;31:*.rz=01;31:*.cab=01;31:*.wim=01;31:*.swm=01;31:*.dwm=01;31:*.esd=01;31:*.jpg=01;35:*.jpeg=01;35:*.mjpg=01;35:*.mjpeg=01;35:*.gif=01;35:*.bmp=01;35:*.pbm=01;35:*.pgm=01;35:*.ppm=01;35:*.tga=01;35:*.xbm=01;35:*.xpm=01;35:*.tif=01;35:*.tiff=01;35:*.png=01;35:*.svg=01;35:*.svgz=01;35:*.mng=01;35:*.pcx=01;35:*.mov=01;35:*.mpg=01;35:*.mpeg=01;35:*.m2v=01;35:*.mkv=01;35:*.webm=01;35:*.webp=01;35:*.ogm=01;35:*.mp4=01;35:*.m4v=01;35:*.mp4v=01;35:*.vob=01;35:*.qt=01;35:*.nuv=01;35:*.wmv=01;35:*.asf=01;35:*.rm=01;35:*.rmvb=01;35:*.flc=01;35:*.avi=01;35:*.fli=01;35:*.flv=01;35:*.gl=01;35:*.dl=01;35:*.xcf=01;35:*.xwd=01;35:*.yuv=01;35:*.cgm=01;35:*.emf=01;35:*.ogv=01;35:*.ogx=01;35:*.aac=00;36:*.au=00;36:*.flac=00;36:*.m4a=00;36:*.mid=00;36:*.midi=00;36:*.mka=00;36:*.mp3=00;36:*.mpc=00;36:*.ogg=00;36:*.ra=00;36:*.wav=00;36:*.oga=00;36:*.opus=00;36:*.spx=00;36:*.xspf=00;36:'), ('GNOME_TERMINAL_SERVICE', ':1.91'), ('SSH_AGENT_LAUNCHER', 'gnome-keyring'), ('SSH_AUTH_SOCK', '/run/user/1000/keyring/ssh'), ('AMENT_PREFIX_PATH', '/home/daniel/CustomMultibot/install/turtlebot3_simulations:/home/daniel/CustomMultibot/install/turtlebot3_gazebo:/home/daniel/CustomMultibot/install/nav2_bringup:/home/daniel/CustomMultibot/install/follow_waypoints:/home/daniel/robots_ws/install/turtlebot3_simulations:/home/daniel/robots_ws/install/turtlebot3_gazebo:/home/daniel/robots_ws/install/turtlebot3_fake_node:/home/daniel/robots_ws/install/multi_robot_rosbot:/home/daniel/robots_ws/install/articubot_one:/home/daniel/dan_ws/install/follow_waypoint:/home/daniel/dan_ws/install/articubot_one:/opt/ros/humble'), ('SHELL', '/bin/bash'), ('QT_ACCESSIBILITY', '1'), ('GDMSESSION', 'ubuntu'), ('LESSCLOSE', '/usr/bin/lesspipe %s %s'), ('GPG_AGENT_INFO', '/run/user/1000/gnupg/S.gpg-agent:0:1'), ('QT_IM_MODULE', 'ibus'), ('PWD', '/home/daniel/Multi-robot-Navigation/build/turtlebot3_gazebo'), ('TURTLEBOT3_MODEL', 'waffle'), ('LC_ALL', 'en_US.UTF-8'), ('XDG_CONFIG_DIRS', '/etc/xdg/xdg-ubuntu:/etc/xdg'), ('XDG_DATA_DIRS', '/usr/share/ubuntu:/usr/share/gnome:/usr/local/share/:/usr/share/:/var/lib/snapd/desktop'), ('PYTHONPATH', '/home/daniel/CustomMultibot/build/follow_waypoints:/home/daniel/CustomMultibot/install/follow_waypoints/lib/python3.10/site-packages:/home/daniel/dan_ws/install/follow_waypoint/lib/python3.10/site-packages:/opt/ros/humble/lib/python3.10/site-packages:/opt/ros/humble/local/lib/python3.10/dist-packages'), ('COLCON', '1'), ('VTE_VERSION', '6800'), ('CMAKE_PREFIX_PATH', '/home/daniel/CustomMultibot/install/turtlebot3_simulations:/home/daniel/CustomMultibot/install/turtlebot3_gazebo:/home/daniel/CustomMultibot/install/nav2_bringup:/home/daniel/robots_ws/install/turtlebot3_simulations:/home/daniel/CustomMultibot/install/follow_waypoints:/home/daniel/dan_ws/install/follow_waypoint:/opt/ros/humble:/home/daniel/robots_ws/install/turtlebot3_gazebo:/home/daniel/robots_ws/install/turtlebot3_fake_node:/home/daniel/robots_ws/install/multi_robot_rosbot:/home/daniel/robots_ws/install/articubot_one:/home/daniel/dan_ws/install/articubot_one')]), 'shell': False}
[0.012827] (nav2_bringup) JobProgress: {'identifier': 'nav2_bringup', 'progress': 'cmake'}
[0.013080] (nav2_bringup) Command: {'cmd': ['/usr/bin/cmake', '/home/daniel/Multi-robot-Navigation/src/nav2_bringup', '-DAMENT_CMAKE_SYMLINK_INSTALL=1', '-DCMAKE_INSTALL_PREFIX=/home/daniel/Multi-robot-Navigation/install/nav2_bringup'], 'cwd': '/home/daniel/Multi-robot-Navigation/build/nav2_bringup', 'env': OrderedDict([('LESSOPEN', '| /usr/bin/lesspipe %s'), ('LANGUAGE', 'en_IN:en'), ('USER', 'daniel'), ('ROS_PACKAGE_PATH', '/home/daniel/robots_ws/install/turtlebot3_fake/share'), ('XDG_SESSION_TYPE', 'x11'), ('SHLVL', '1'), ('LD_LIBRARY_PATH', '/usr/lib/x86_64-linux-gnu/gazebo-11/plugins:/opt/ros/humble/opt/rviz_ogre_vendor/lib:/opt/ros/humble/lib/x86_64-linux-gnu:/opt/ros/humble/lib'), ('HOME', '/home/daniel'), ('OLDPWD', '/home/daniel'), ('DESKTOP_SESSION', 'ubuntu'), ('ROS_PYTHON_VERSION', '3'), ('GNOME_SHELL_SESSION_MODE', 'ubuntu'), ('GTK_MODULES', 'gail:atk-bridge'), ('SYSTEMD_EXEC_PID', '5335'), ('DBUS_SESSION_BUS_ADDRESS', 'unix:path=/run/user/1000/bus'), ('COLORTERM', 'truecolor'), ('COLCON_PREFIX_PATH', '/home/daniel/CustomMultibot/install:/home/daniel/robots_ws/install:/home/daniel/dan_ws/install'), ('ROS_DISTRO', 'humble'), ('GTK_IM_MODULE', 'ibus'), ('LOGNAME', 'daniel'), ('_', '/usr/bin/colcon'), ('ROS_VERSION', '2'), ('PKG_CONFIG_PATH', '/home/daniel/robots_ws/install/turtlebot3_fake/lib/x86_64-linux-gnu/pkgconfig:/home/daniel/robots_ws/install/turtlebot3_fake/lib/pkgconfig'), ('XDG_SESSION_CLASS', 'user'), ('USERNAME', 'daniel'), ('TERM', 'xterm-256color'), ('GNOME_DESKTOP_SESSION_ID', 'this-is-deprecated'), ('ROS_LOCALHOST_ONLY', '30'), ('WINDOWPATH', '2'), ('PATH', '/opt/ros/humble/bin:/usr/local/sbin:/usr/local/bin:/usr/sbin:/usr/bin:/sbin:/bin:/usr/games:/usr/local/games:/snap/bin:/snap/bin:/usr/local/go/bin:/home/daniel/.spicetify'), ('SESSION_MANAGER', 'local/daniel-legion-5:@/tmp/.ICE-unix/3377,unix/daniel-legion-5:/tmp/.ICE-unix/3377'), ('XDG_MENU_PREFIX', 'gnome-'), ('GNOME_TERMINAL_SCREEN', '/org/gnome/Terminal/screen/1fad61a9_d142_4812_b808_1685e103ca42'), ('XDG_RUNTIME_DIR', '/run/user/1000'), ('DISPLAY', ':1'), ('LANG', 'en_US.UTF-8'), ('XDG_CURRENT_DESKTOP', 'ubuntu:GNOME'), ('XMODIFIERS', '@im=ibus'), ('XDG_SESSION_DESKTOP', 'ubuntu'), ('XAUTHORITY', '/run/user/1000/gdm/Xauthority'), ('LS_COLORS', 'rs=0:di=01;34:ln=01;36:mh=00:pi=40;33:so=01;35:do=01;35:bd=40;33;01:cd=40;33;01:or=40;31;01:mi=00:su=37;41:sg=30;43:ca=30;41:tw=30;42:ow=34;42:st=37;44:ex=01;32:*.tar=01;31:*.tgz=01;31:*.arc=01;31:*.arj=01;31:*.taz=01;31:*.lha=01;31:*.lz4=01;31:*.lzh=01;31:*.lzma=01;31:*.tlz=01;31:*.txz=01;31:*.tzo=01;31:*.t7z=01;31:*.zip=01;31:*.z=01;31:*.dz=01;31:*.gz=01;31:*.lrz=01;31:*.lz=01;31:*.lzo=01;31:*.xz=01;31:*.zst=01;31:*.tzst=01;31:*.bz2=01;31:*.bz=01;31:*.tbz=01;31:*.tbz2=01;31:*.tz=01;31:*.deb=01;31:*.rpm=01;31:*.jar=01;31:*.war=01;31:*.ear=01;31:*.sar=01;31:*.rar=01;31:*.alz=01;31:*.ace=01;31:*.zoo=01;31:*.cpio=01;31:*.7z=01;31:*.rz=01;31:*.cab=01;31:*.wim=01;31:*.swm=01;31:*.dwm=01;31:*.esd=01;31:*.jpg=01;35:*.jpeg=01;35:*.mjpg=01;35:*.mjpeg=01;35:*.gif=01;35:*.bmp=01;35:*.pbm=01;35:*.pgm=01;35:*.ppm=01;35:*.tga=01;35:*.xbm=01;35:*.xpm=01;35:*.tif=01;35:*.tiff=01;35:*.png=01;35:*.svg=01;35:*.svgz=01;35:*.mng=01;35:*.pcx=01;35:*.mov=01;35:*.mpg=01;35:*.mpeg=01;35:*.m2v=01;35:*.mkv=01;35:*.webm=01;35:*.webp=01;35:*.ogm=01;35:*.mp4=01;35:*.m4v=01;35:*.mp4v=01;35:*.vob=01;35:*.qt=01;35:*.nuv=01;35:*.wmv=01;35:*.asf=01;35:*.rm=01;35:*.rmvb=01;35:*.flc=01;35:*.avi=01;35:*.fli=01;35:*.flv=01;35:*.gl=01;35:*.dl=01;35:*.xcf=01;35:*.xwd=01;35:*.yuv=01;35:*.cgm=01;35:*.emf=01;35:*.ogv=01;35:*.ogx=01;35:*.aac=00;36:*.au=00;36:*.flac=00;36:*.m4a=00;36:*.mid=00;36:*.midi=00;36:*.mka=00;36:*.mp3=00;36:*.mpc=00;36:*.ogg=00;36:*.ra=00;36:*.wav=00;36:*.oga=00;36:*.opus=00;36:*.spx=00;36:*.xspf=00;36:'), ('GNOME_TERMINAL_SERVICE', ':1.91'), ('SSH_AGENT_LAUNCHER', 'gnome-keyring'), ('SSH_AUTH_SOCK', '/run/user/1000/keyring/ssh'), ('AMENT_PREFIX_PATH', '/home/daniel/CustomMultibot/install/turtlebot3_simulations:/home/daniel/CustomMultibot/install/turtlebot3_gazebo:/home/daniel/CustomMultibot/install/nav2_bringup:/home/daniel/CustomMultibot/install/follow_waypoints:/home/daniel/robots_ws/install/turtlebot3_simulations:/home/daniel/robots_ws/install/turtlebot3_gazebo:/home/daniel/robots_ws/install/turtlebot3_fake_node:/home/daniel/robots_ws/install/multi_robot_rosbot:/home/daniel/robots_ws/install/articubot_one:/home/daniel/dan_ws/install/follow_waypoint:/home/daniel/dan_ws/install/articubot_one:/opt/ros/humble'), ('SHELL', '/bin/bash'), ('QT_ACCESSIBILITY', '1'), ('GDMSESSION', 'ubuntu'), ('LESSCLOSE', '/usr/bin/lesspipe %s %s'), ('GPG_AGENT_INFO', '/run/user/1000/gnupg/S.gpg-agent:0:1'), ('QT_IM_MODULE', 'ibus'), ('PWD', '/home/daniel/Multi-robot-Navigation/build/nav2_bringup'), ('TURTLEBOT3_MODEL', 'waffle'), ('LC_ALL', 'en_US.UTF-8'), ('XDG_CONFIG_DIRS', '/etc/xdg/xdg-ubuntu:/etc/xdg'), ('XDG_DATA_DIRS', '/usr/share/ubuntu:/usr/share/gnome:/usr/local/share/:/usr/share/:/var/lib/snapd/desktop'), ('PYTHONPATH', '/home/daniel/CustomMultibot/build/follow_waypoints:/home/daniel/CustomMultibot/install/follow_waypoints/lib/python3.10/site-packages:/home/daniel/dan_ws/install/follow_waypoint/lib/python3.10/site-packages:/opt/ros/humble/lib/python3.10/site-packages:/opt/ros/humble/local/lib/python3.10/dist-packages'), ('COLCON', '1'), ('VTE_VERSION', '6800'), ('CMAKE_PREFIX_PATH', '/home/daniel/CustomMultibot/install/turtlebot3_simulations:/home/daniel/CustomMultibot/install/turtlebot3_gazebo:/home/daniel/CustomMultibot/install/nav2_bringup:/home/daniel/robots_ws/install/turtlebot3_simulations:/home/daniel/CustomMultibot/install/follow_waypoints:/home/daniel/dan_ws/install/follow_waypoint:/opt/ros/humble:/home/daniel/robots_ws/install/turtlebot3_gazebo:/home/daniel/robots_ws/install/turtlebot3_fake_node:/home/daniel/robots_ws/install/multi_robot_rosbot:/home/daniel/robots_ws/install/articubot_one:/home/daniel/dan_ws/install/articubot_one')]), 'shell': False}
[0.099561] (-) TimerEvent: {}
[0.199811] (-) TimerEvent: {}
[0.300163] (-) TimerEvent: {}
[0.400478] (-) TimerEvent: {}
[0.500708] (-) TimerEvent: {}
[0.600933] (-) TimerEvent: {}
[0.701164] (-) TimerEvent: {}
[0.801445] (-) TimerEvent: {}
[0.901736] (-) TimerEvent: {}
[1.002032] (-) TimerEvent: {}
[1.102258] (-) TimerEvent: {}
[1.202559] (-) TimerEvent: {}
[1.265658] (turtlebot3_gazebo) StdoutLine: {'line': b'-- The C compiler identification is GNU 11.4.0\n'}
[1.265955] (nav2_bringup) StdoutLine: {'line': b'-- The C compiler identification is GNU 11.4.0\n'}
[1.302624] (-) TimerEvent: {}
[1.402912] (-) TimerEvent: {}
[1.503132] (-) TimerEvent: {}
[1.603358] (-) TimerEvent: {}
[1.703606] (-) TimerEvent: {}
[1.803853] (-) TimerEvent: {}
[1.904123] (-) TimerEvent: {}
[1.932855] (nav2_bringup) StdoutLine: {'line': b'-- The CXX compiler identification is GNU 11.4.0\n'}
[1.933077] (turtlebot3_gazebo) StdoutLine: {'line': b'-- The CXX compiler identification is GNU 11.4.0\n'}
[1.998020] (turtlebot3_gazebo) StdoutLine: {'line': b'-- Detecting C compiler ABI info\n'}
[1.998300] (nav2_bringup) StdoutLine: {'line': b'-- Detecting C compiler ABI info\n'}
[2.004257] (-) TimerEvent: {}
[2.104540] (-) TimerEvent: {}
[2.152126] (turtlebot3_gazebo) StdoutLine: {'line': b'-- Detecting C compiler ABI info - done\n'}
[2.152249] (nav2_bringup) StdoutLine: {'line': b'-- Detecting C compiler ABI info - done\n'}
[2.158131] (nav2_bringup) StdoutLine: {'line': b'-- Check for working C compiler: /usr/bin/cc - skipped\n'}
[2.158249] (turtlebot3_gazebo) StdoutLine: {'line': b'-- Check for working C compiler: /usr/bin/cc - skipped\n'}
[2.158472] (nav2_bringup) StdoutLine: {'line': b'-- Detecting C compile features\n'}
[2.158567] (turtlebot3_gazebo) StdoutLine: {'line': b'-- Detecting C compile features\n'}
[2.175907] (turtlebot3_gazebo) StdoutLine: {'line': b'-- Detecting C compile features - done\n'}
[2.176050] (nav2_bringup) StdoutLine: {'line': b'-- Detecting C compile features - done\n'}
[2.178972] (nav2_bringup) StdoutLine: {'line': b'-- Detecting CXX compiler ABI info\n'}
[2.179063] (turtlebot3_gazebo) StdoutLine: {'line': b'-- Detecting CXX compiler ABI info\n'}
[2.204765] (-) TimerEvent: {}
[2.289588] (turtlebot3_gazebo) StdoutLine: {'line': b'-- Detecting CXX compiler ABI info - done\n'}
[2.289855] (nav2_bringup) StdoutLine: {'line': b'-- Detecting CXX compiler ABI info - done\n'}
[2.295868] (turtlebot3_gazebo) StdoutLine: {'line': b'-- Check for working CXX compiler: /usr/bin/c++ - skipped\n'}
[2.296017] (nav2_bringup) StdoutLine: {'line': b'-- Check for working CXX compiler: /usr/bin/c++ - skipped\n'}
[2.296112] (turtlebot3_gazebo) StdoutLine: {'line': b'-- Detecting CXX compile features\n'}
[2.296217] (nav2_bringup) StdoutLine: {'line': b'-- Detecting CXX compile features\n'}
[2.296497] (turtlebot3_gazebo) StdoutLine: {'line': b'-- Detecting CXX compile features - done\n'}
[2.296592] (nav2_bringup) StdoutLine: {'line': b'-- Detecting CXX compile features - done\n'}
[2.304888] (-) TimerEvent: {}
[2.320585] (nav2_bringup) StdoutLine: {'line': b'-- Found ament_cmake: 1.3.9 (/opt/ros/humble/share/ament_cmake/cmake)\n'}
[2.320709] (turtlebot3_gazebo) StdoutLine: {'line': b'-- Found ament_cmake: 1.3.9 (/opt/ros/humble/share/ament_cmake/cmake)\n'}
[2.405098] (-) TimerEvent: {}
[2.505343] (-) TimerEvent: {}
[2.605578] (-) TimerEvent: {}
[2.611727] (nav2_bringup) StdoutLine: {'line': b'-- Found Python3: /usr/bin/python3 (found version "3.10.12") found components: Interpreter \n'}
[2.611882] (turtlebot3_gazebo) StdoutLine: {'line': b'-- Found Python3: /usr/bin/python3 (found version "3.10.12") found components: Interpreter \n'}
[2.705699] (-) TimerEvent: {}
[2.714517] (turtlebot3_gazebo) StdoutLine: {'line': b'-- Override CMake install command with custom implementation using symlinks instead of copying resources\n'}
[2.714679] (nav2_bringup) StdoutLine: {'line': b'-- Override CMake install command with custom implementation using symlinks instead of copying resources\n'}
[2.805775] (-) TimerEvent: {}
[2.866001] (nav2_bringup) StdoutLine: {'line': b'-- Found nav2_common: 1.1.15 (/opt/ros/humble/share/nav2_common/cmake)\n'}
[2.905932] (-) TimerEvent: {}
[2.962513] (nav2_bringup) StdoutLine: {'line': b'-- Found navigation2: 1.1.15 (/opt/ros/humble/share/navigation2/cmake)\n'}
[2.962653] (nav2_bringup) StdoutLine: {'line': b'-- Setting build type to Release as none was specified.\n'}
[2.999771] (nav2_bringup) StdoutLine: {'line': b'-- Found ament_lint_auto: 0.12.11 (/opt/ros/humble/share/ament_lint_auto/cmake)\n'}
[3.006004] (-) TimerEvent: {}
[3.044030] (turtlebot3_gazebo) StderrLine: {'line': b'\x1b[33mCMake Warning (dev) at /usr/share/cmake-3.22/Modules/FindPackageHandleStandardArgs.cmake:438 (message):\n'}
[3.044185] (turtlebot3_gazebo) StderrLine: {'line': b'  The package name passed to `find_package_handle_standard_args` (PkgConfig)\n'}
[3.044249] (turtlebot3_gazebo) StderrLine: {'line': b'  does not match the name of the calling package (gazebo).  This can lead to\n'}
[3.044299] (turtlebot3_gazebo) StderrLine: {'line': b'  problems in calling code that expects `find_package` result variables\n'}
[3.044346] (turtlebot3_gazebo) StderrLine: {'line': b'  (e.g., `_FOUND`) to follow a certain pattern.\n'}
[3.044393] (turtlebot3_gazebo) StderrLine: {'line': b'Call Stack (most recent call first):\n'}
[3.044438] (turtlebot3_gazebo) StderrLine: {'line': b'  /usr/share/cmake-3.22/Modules/FindPkgConfig.cmake:99 (find_package_handle_standard_args)\n'}
[3.044484] (turtlebot3_gazebo) StderrLine: {'line': b'  /usr/lib/x86_64-linux-gnu/cmake/gazebo/gazebo-config.cmake:72 (include)\n'}
[3.044528] (turtlebot3_gazebo) StderrLine: {'line': b'  CMakeLists.txt:23 (find_package)\n'}
[3.044573] (turtlebot3_gazebo) StderrLine: {'line': b'This warning is for project developers.  Use -Wno-dev to suppress it.\n'}
[3.044618] (turtlebot3_gazebo) StderrLine: {'line': b'\x1b[0m\n'}
[3.044661] (turtlebot3_gazebo) StdoutLine: {'line': b'-- Found PkgConfig: /usr/bin/pkg-config (found version "0.29.2") \n'}
[3.047460] (turtlebot3_gazebo) StdoutLine: {'line': b"-- Checking for module 'bullet>=2.82'\n"}
[3.104624] (turtlebot3_gazebo) StdoutLine: {'line': b'--   Found bullet, version 3.05\n'}
[3.106083] (-) TimerEvent: {}
[3.206310] (-) TimerEvent: {}
[3.296340] (nav2_bringup) StdoutLine: {'line': b"-- Added test 'copyright' to check source files copyright and LICENSE\n"}
[3.300294] (nav2_bringup) StdoutLine: {'line': b"-- Added test 'cppcheck' to perform static code analysis on C / C++ code\n"}
[3.300463] (nav2_bringup) StdoutLine: {'line': b'-- Configured cppcheck include dirs: \n'}
[3.300517] (nav2_bringup) StdoutLine: {'line': b'-- Configured cppcheck exclude dirs and/or files: \n'}
[3.304089] (nav2_bringup) StdoutLine: {'line': b"-- Added test 'cpplint' to check C / C++ code against the Google style\n"}
[3.304174] (nav2_bringup) StdoutLine: {'line': b'-- Configured cpplint exclude dirs and/or files: \n'}
[3.305151] (nav2_bringup) StdoutLine: {'line': b"-- Added test 'flake8' to check Python code syntax and style conventions\n"}
[3.306368] (-) TimerEvent: {}
[3.307126] (nav2_bringup) StdoutLine: {'line': b"-- Added test 'lint_cmake' to check CMake code style\n"}
[3.308236] (nav2_bringup) StdoutLine: {'line': b"-- Added test 'pep257' to check Python code against some of the docstring style conventions in PEP 257\n"}
[3.312564] (nav2_bringup) StdoutLine: {'line': b"-- Added test 'uncrustify' to check C / C++ code style\n"}
[3.312686] (nav2_bringup) StdoutLine: {'line': b'-- Configured uncrustify additional arguments: \n'}
[3.314095] (nav2_bringup) StdoutLine: {'line': b"-- Added test 'xmllint' to check XML markup files\n"}
[3.315491] (nav2_bringup) StdoutLine: {'line': b'-- Configuring done\n'}
[3.317491] (nav2_bringup) StdoutLine: {'line': b'-- Generating done\n'}
[3.318112] (nav2_bringup) StdoutLine: {'line': b'-- Build files have been written to: /home/daniel/Multi-robot-Navigation/build/nav2_bringup\n'}
[3.321122] (nav2_bringup) CommandEnded: {'returncode': 0}
[3.322325] (nav2_bringup) JobProgress: {'identifier': 'nav2_bringup', 'progress': 'build'}
[3.322393] (nav2_bringup) Command: {'cmd': ['/usr/bin/cmake', '--build', '/home/daniel/Multi-robot-Navigation/build/nav2_bringup', '--', '-j8', '-l8'], 'cwd': '/home/daniel/Multi-robot-Navigation/build/nav2_bringup', 'env': OrderedDict([('LESSOPEN', '| /usr/bin/lesspipe %s'), ('LANGUAGE', 'en_IN:en'), ('USER', 'daniel'), ('ROS_PACKAGE_PATH', '/home/daniel/robots_ws/install/turtlebot3_fake/share'), ('XDG_SESSION_TYPE', 'x11'), ('SHLVL', '1'), ('LD_LIBRARY_PATH', '/usr/lib/x86_64-linux-gnu/gazebo-11/plugins:/opt/ros/humble/opt/rviz_ogre_vendor/lib:/opt/ros/humble/lib/x86_64-linux-gnu:/opt/ros/humble/lib'), ('HOME', '/home/daniel'), ('OLDPWD', '/home/daniel'), ('DESKTOP_SESSION', 'ubuntu'), ('ROS_PYTHON_VERSION', '3'), ('GNOME_SHELL_SESSION_MODE', 'ubuntu'), ('GTK_MODULES', 'gail:atk-bridge'), ('SYSTEMD_EXEC_PID', '5335'), ('DBUS_SESSION_BUS_ADDRESS', 'unix:path=/run/user/1000/bus'), ('COLORTERM', 'truecolor'), ('COLCON_PREFIX_PATH', '/home/daniel/CustomMultibot/install:/home/daniel/robots_ws/install:/home/daniel/dan_ws/install'), ('ROS_DISTRO', 'humble'), ('GTK_IM_MODULE', 'ibus'), ('LOGNAME', 'daniel'), ('_', '/usr/bin/colcon'), ('ROS_VERSION', '2'), ('PKG_CONFIG_PATH', '/home/daniel/robots_ws/install/turtlebot3_fake/lib/x86_64-linux-gnu/pkgconfig:/home/daniel/robots_ws/install/turtlebot3_fake/lib/pkgconfig'), ('XDG_SESSION_CLASS', 'user'), ('USERNAME', 'daniel'), ('TERM', 'xterm-256color'), ('GNOME_DESKTOP_SESSION_ID', 'this-is-deprecated'), ('ROS_LOCALHOST_ONLY', '30'), ('WINDOWPATH', '2'), ('PATH', '/opt/ros/humble/bin:/usr/local/sbin:/usr/local/bin:/usr/sbin:/usr/bin:/sbin:/bin:/usr/games:/usr/local/games:/snap/bin:/snap/bin:/usr/local/go/bin:/home/daniel/.spicetify'), ('SESSION_MANAGER', 'local/daniel-legion-5:@/tmp/.ICE-unix/3377,unix/daniel-legion-5:/tmp/.ICE-unix/3377'), ('XDG_MENU_PREFIX', 'gnome-'), ('GNOME_TERMINAL_SCREEN', '/org/gnome/Terminal/screen/1fad61a9_d142_4812_b808_1685e103ca42'), ('XDG_RUNTIME_DIR', '/run/user/1000'), ('DISPLAY', ':1'), ('LANG', 'en_US.UTF-8'), ('XDG_CURRENT_DESKTOP', 'ubuntu:GNOME'), ('XMODIFIERS', '@im=ibus'), ('XDG_SESSION_DESKTOP', 'ubuntu'), ('XAUTHORITY', '/run/user/1000/gdm/Xauthority'), ('LS_COLORS', 'rs=0:di=01;34:ln=01;36:mh=00:pi=40;33:so=01;35:do=01;35:bd=40;33;01:cd=40;33;01:or=40;31;01:mi=00:su=37;41:sg=30;43:ca=30;41:tw=30;42:ow=34;42:st=37;44:ex=01;32:*.tar=01;31:*.tgz=01;31:*.arc=01;31:*.arj=01;31:*.taz=01;31:*.lha=01;31:*.lz4=01;31:*.lzh=01;31:*.lzma=01;31:*.tlz=01;31:*.txz=01;31:*.tzo=01;31:*.t7z=01;31:*.zip=01;31:*.z=01;31:*.dz=01;31:*.gz=01;31:*.lrz=01;31:*.lz=01;31:*.lzo=01;31:*.xz=01;31:*.zst=01;31:*.tzst=01;31:*.bz2=01;31:*.bz=01;31:*.tbz=01;31:*.tbz2=01;31:*.tz=01;31:*.deb=01;31:*.rpm=01;31:*.jar=01;31:*.war=01;31:*.ear=01;31:*.sar=01;31:*.rar=01;31:*.alz=01;31:*.ace=01;31:*.zoo=01;31:*.cpio=01;31:*.7z=01;31:*.rz=01;31:*.cab=01;31:*.wim=01;31:*.swm=01;31:*.dwm=01;31:*.esd=01;31:*.jpg=01;35:*.jpeg=01;35:*.mjpg=01;35:*.mjpeg=01;35:*.gif=01;35:*.bmp=01;35:*.pbm=01;35:*.pgm=01;35:*.ppm=01;35:*.tga=01;35:*.xbm=01;35:*.xpm=01;35:*.tif=01;35:*.tiff=01;35:*.png=01;35:*.svg=01;35:*.svgz=01;35:*.mng=01;35:*.pcx=01;35:*.mov=01;35:*.mpg=01;35:*.mpeg=01;35:*.m2v=01;35:*.mkv=01;35:*.webm=01;35:*.webp=01;35:*.ogm=01;35:*.mp4=01;35:*.m4v=01;35:*.mp4v=01;35:*.vob=01;35:*.qt=01;35:*.nuv=01;35:*.wmv=01;35:*.asf=01;35:*.rm=01;35:*.rmvb=01;35:*.flc=01;35:*.avi=01;35:*.fli=01;35:*.flv=01;35:*.gl=01;35:*.dl=01;35:*.xcf=01;35:*.xwd=01;35:*.yuv=01;35:*.cgm=01;35:*.emf=01;35:*.ogv=01;35:*.ogx=01;35:*.aac=00;36:*.au=00;36:*.flac=00;36:*.m4a=00;36:*.mid=00;36:*.midi=00;36:*.mka=00;36:*.mp3=00;36:*.mpc=00;36:*.ogg=00;36:*.ra=00;36:*.wav=00;36:*.oga=00;36:*.opus=00;36:*.spx=00;36:*.xspf=00;36:'), ('GNOME_TERMINAL_SERVICE', ':1.91'), ('SSH_AGENT_LAUNCHER', 'gnome-keyring'), ('SSH_AUTH_SOCK', '/run/user/1000/keyring/ssh'), ('AMENT_PREFIX_PATH', '/home/daniel/CustomMultibot/install/turtlebot3_simulations:/home/daniel/CustomMultibot/install/turtlebot3_gazebo:/home/daniel/CustomMultibot/install/nav2_bringup:/home/daniel/CustomMultibot/install/follow_waypoints:/home/daniel/robots_ws/install/turtlebot3_simulations:/home/daniel/robots_ws/install/turtlebot3_gazebo:/home/daniel/robots_ws/install/turtlebot3_fake_node:/home/daniel/robots_ws/install/multi_robot_rosbot:/home/daniel/robots_ws/install/articubot_one:/home/daniel/dan_ws/install/follow_waypoint:/home/daniel/dan_ws/install/articubot_one:/opt/ros/humble'), ('SHELL', '/bin/bash'), ('QT_ACCESSIBILITY', '1'), ('GDMSESSION', 'ubuntu'), ('LESSCLOSE', '/usr/bin/lesspipe %s %s'), ('GPG_AGENT_INFO', '/run/user/1000/gnupg/S.gpg-agent:0:1'), ('QT_IM_MODULE', 'ibus'), ('PWD', '/home/daniel/Multi-robot-Navigation/build/nav2_bringup'), ('TURTLEBOT3_MODEL', 'waffle'), ('LC_ALL', 'en_US.UTF-8'), ('XDG_CONFIG_DIRS', '/etc/xdg/xdg-ubuntu:/etc/xdg'), ('XDG_DATA_DIRS', '/usr/share/ubuntu:/usr/share/gnome:/usr/local/share/:/usr/share/:/var/lib/snapd/desktop'), ('PYTHONPATH', '/home/daniel/CustomMultibot/build/follow_waypoints:/home/daniel/CustomMultibot/install/follow_waypoints/lib/python3.10/site-packages:/home/daniel/dan_ws/install/follow_waypoint/lib/python3.10/site-packages:/opt/ros/humble/lib/python3.10/site-packages:/opt/ros/humble/local/lib/python3.10/dist-packages'), ('COLCON', '1'), ('VTE_VERSION', '6800'), ('CMAKE_PREFIX_PATH', '/home/daniel/CustomMultibot/install/turtlebot3_simulations:/home/daniel/CustomMultibot/install/turtlebot3_gazebo:/home/daniel/CustomMultibot/install/nav2_bringup:/home/daniel/robots_ws/install/turtlebot3_simulations:/home/daniel/CustomMultibot/install/follow_waypoints:/home/daniel/dan_ws/install/follow_waypoint:/opt/ros/humble:/home/daniel/robots_ws/install/turtlebot3_gazebo:/home/daniel/robots_ws/install/turtlebot3_fake_node:/home/daniel/robots_ws/install/multi_robot_rosbot:/home/daniel/robots_ws/install/articubot_one:/home/daniel/dan_ws/install/articubot_one')]), 'shell': False}
[3.348590] (nav2_bringup) CommandEnded: {'returncode': 0}
[3.362723] (nav2_bringup) JobProgress: {'identifier': 'nav2_bringup', 'progress': 'install'}
[3.368825] (nav2_bringup) Command: {'cmd': ['/usr/bin/cmake', '--install', '/home/daniel/Multi-robot-Navigation/build/nav2_bringup'], 'cwd': '/home/daniel/Multi-robot-Navigation/build/nav2_bringup', 'env': OrderedDict([('LESSOPEN', '| /usr/bin/lesspipe %s'), ('LANGUAGE', 'en_IN:en'), ('USER', 'daniel'), ('ROS_PACKAGE_PATH', '/home/daniel/robots_ws/install/turtlebot3_fake/share'), ('XDG_SESSION_TYPE', 'x11'), ('SHLVL', '1'), ('LD_LIBRARY_PATH', '/usr/lib/x86_64-linux-gnu/gazebo-11/plugins:/opt/ros/humble/opt/rviz_ogre_vendor/lib:/opt/ros/humble/lib/x86_64-linux-gnu:/opt/ros/humble/lib'), ('HOME', '/home/daniel'), ('OLDPWD', '/home/daniel'), ('DESKTOP_SESSION', 'ubuntu'), ('ROS_PYTHON_VERSION', '3'), ('GNOME_SHELL_SESSION_MODE', 'ubuntu'), ('GTK_MODULES', 'gail:atk-bridge'), ('SYSTEMD_EXEC_PID', '5335'), ('DBUS_SESSION_BUS_ADDRESS', 'unix:path=/run/user/1000/bus'), ('COLORTERM', 'truecolor'), ('COLCON_PREFIX_PATH', '/home/daniel/CustomMultibot/install:/home/daniel/robots_ws/install:/home/daniel/dan_ws/install'), ('ROS_DISTRO', 'humble'), ('GTK_IM_MODULE', 'ibus'), ('LOGNAME', 'daniel'), ('_', '/usr/bin/colcon'), ('ROS_VERSION', '2'), ('PKG_CONFIG_PATH', '/home/daniel/robots_ws/install/turtlebot3_fake/lib/x86_64-linux-gnu/pkgconfig:/home/daniel/robots_ws/install/turtlebot3_fake/lib/pkgconfig'), ('XDG_SESSION_CLASS', 'user'), ('USERNAME', 'daniel'), ('TERM', 'xterm-256color'), ('GNOME_DESKTOP_SESSION_ID', 'this-is-deprecated'), ('ROS_LOCALHOST_ONLY', '30'), ('WINDOWPATH', '2'), ('PATH', '/opt/ros/humble/bin:/usr/local/sbin:/usr/local/bin:/usr/sbin:/usr/bin:/sbin:/bin:/usr/games:/usr/local/games:/snap/bin:/snap/bin:/usr/local/go/bin:/home/daniel/.spicetify'), ('SESSION_MANAGER', 'local/daniel-legion-5:@/tmp/.ICE-unix/3377,unix/daniel-legion-5:/tmp/.ICE-unix/3377'), ('XDG_MENU_PREFIX', 'gnome-'), ('GNOME_TERMINAL_SCREEN', '/org/gnome/Terminal/screen/1fad61a9_d142_4812_b808_1685e103ca42'), ('XDG_RUNTIME_DIR', '/run/user/1000'), ('DISPLAY', ':1'), ('LANG', 'en_US.UTF-8'), ('XDG_CURRENT_DESKTOP', 'ubuntu:GNOME'), ('XMODIFIERS', '@im=ibus'), ('XDG_SESSION_DESKTOP', 'ubuntu'), ('XAUTHORITY', '/run/user/1000/gdm/Xauthority'), ('LS_COLORS', 'rs=0:di=01;34:ln=01;36:mh=00:pi=40;33:so=01;35:do=01;35:bd=40;33;01:cd=40;33;01:or=40;31;01:mi=00:su=37;41:sg=30;43:ca=30;41:tw=30;42:ow=34;42:st=37;44:ex=01;32:*.tar=01;31:*.tgz=01;31:*.arc=01;31:*.arj=01;31:*.taz=01;31:*.lha=01;31:*.lz4=01;31:*.lzh=01;31:*.lzma=01;31:*.tlz=01;31:*.txz=01;31:*.tzo=01;31:*.t7z=01;31:*.zip=01;31:*.z=01;31:*.dz=01;31:*.gz=01;31:*.lrz=01;31:*.lz=01;31:*.lzo=01;31:*.xz=01;31:*.zst=01;31:*.tzst=01;31:*.bz2=01;31:*.bz=01;31:*.tbz=01;31:*.tbz2=01;31:*.tz=01;31:*.deb=01;31:*.rpm=01;31:*.jar=01;31:*.war=01;31:*.ear=01;31:*.sar=01;31:*.rar=01;31:*.alz=01;31:*.ace=01;31:*.zoo=01;31:*.cpio=01;31:*.7z=01;31:*.rz=01;31:*.cab=01;31:*.wim=01;31:*.swm=01;31:*.dwm=01;31:*.esd=01;31:*.jpg=01;35:*.jpeg=01;35:*.mjpg=01;35:*.mjpeg=01;35:*.gif=01;35:*.bmp=01;35:*.pbm=01;35:*.pgm=01;35:*.ppm=01;35:*.tga=01;35:*.xbm=01;35:*.xpm=01;35:*.tif=01;35:*.tiff=01;35:*.png=01;35:*.svg=01;35:*.svgz=01;35:*.mng=01;35:*.pcx=01;35:*.mov=01;35:*.mpg=01;35:*.mpeg=01;35:*.m2v=01;35:*.mkv=01;35:*.webm=01;35:*.webp=01;35:*.ogm=01;35:*.mp4=01;35:*.m4v=01;35:*.mp4v=01;35:*.vob=01;35:*.qt=01;35:*.nuv=01;35:*.wmv=01;35:*.asf=01;35:*.rm=01;35:*.rmvb=01;35:*.flc=01;35:*.avi=01;35:*.fli=01;35:*.flv=01;35:*.gl=01;35:*.dl=01;35:*.xcf=01;35:*.xwd=01;35:*.yuv=01;35:*.cgm=01;35:*.emf=01;35:*.ogv=01;35:*.ogx=01;35:*.aac=00;36:*.au=00;36:*.flac=00;36:*.m4a=00;36:*.mid=00;36:*.midi=00;36:*.mka=00;36:*.mp3=00;36:*.mpc=00;36:*.ogg=00;36:*.ra=00;36:*.wav=00;36:*.oga=00;36:*.opus=00;36:*.spx=00;36:*.xspf=00;36:'), ('GNOME_TERMINAL_SERVICE', ':1.91'), ('SSH_AGENT_LAUNCHER', 'gnome-keyring'), ('SSH_AUTH_SOCK', '/run/user/1000/keyring/ssh'), ('AMENT_PREFIX_PATH', '/home/daniel/CustomMultibot/install/turtlebot3_simulations:/home/daniel/CustomMultibot/install/turtlebot3_gazebo:/home/daniel/CustomMultibot/install/nav2_bringup:/home/daniel/CustomMultibot/install/follow_waypoints:/home/daniel/robots_ws/install/turtlebot3_simulations:/home/daniel/robots_ws/install/turtlebot3_gazebo:/home/daniel/robots_ws/install/turtlebot3_fake_node:/home/daniel/robots_ws/install/multi_robot_rosbot:/home/daniel/robots_ws/install/articubot_one:/home/daniel/dan_ws/install/follow_waypoint:/home/daniel/dan_ws/install/articubot_one:/opt/ros/humble'), ('SHELL', '/bin/bash'), ('QT_ACCESSIBILITY', '1'), ('GDMSESSION', 'ubuntu'), ('LESSCLOSE', '/usr/bin/lesspipe %s %s'), ('GPG_AGENT_INFO', '/run/user/1000/gnupg/S.gpg-agent:0:1'), ('QT_IM_MODULE', 'ibus'), ('PWD', '/home/daniel/Multi-robot-Navigation/build/nav2_bringup'), ('TURTLEBOT3_MODEL', 'waffle'), ('LC_ALL', 'en_US.UTF-8'), ('XDG_CONFIG_DIRS', '/etc/xdg/xdg-ubuntu:/etc/xdg'), ('XDG_DATA_DIRS', '/usr/share/ubuntu:/usr/share/gnome:/usr/local/share/:/usr/share/:/var/lib/snapd/desktop'), ('PYTHONPATH', '/home/daniel/CustomMultibot/build/follow_waypoints:/home/daniel/CustomMultibot/install/follow_waypoints/lib/python3.10/site-packages:/home/daniel/dan_ws/install/follow_waypoint/lib/python3.10/site-packages:/opt/ros/humble/lib/python3.10/site-packages:/opt/ros/humble/local/lib/python3.10/dist-packages'), ('COLCON', '1'), ('VTE_VERSION', '6800'), ('CMAKE_PREFIX_PATH', '/home/daniel/CustomMultibot/install/turtlebot3_simulations:/home/daniel/CustomMultibot/install/turtlebot3_gazebo:/home/daniel/CustomMultibot/install/nav2_bringup:/home/daniel/robots_ws/install/turtlebot3_simulations:/home/daniel/CustomMultibot/install/follow_waypoints:/home/daniel/dan_ws/install/follow_waypoint:/opt/ros/humble:/home/daniel/robots_ws/install/turtlebot3_gazebo:/home/daniel/robots_ws/install/turtlebot3_fake_node:/home/daniel/robots_ws/install/multi_robot_rosbot:/home/daniel/robots_ws/install/articubot_one:/home/daniel/dan_ws/install/articubot_one')]), 'shell': False}
[3.374363] (nav2_bringup) StdoutLine: {'line': b'-- Install configuration: "Release"\n'}
[3.374666] (nav2_bringup) StdoutLine: {'line': b'-- Execute custom install script\n'}
[3.375029] (nav2_bringup) StdoutLine: {'line': b'-- Symlinking: /home/daniel/Multi-robot-Navigation/install/nav2_bringup/share/nav2_bringup/launch/bringup_launch.py\n'}
[3.381219] (nav2_bringup) StdoutLine: {'line': b'-- Symlinking: /home/daniel/Multi-robot-Navigation/install/nav2_bringup/share/nav2_bringup/launch/cloned_multi_tb3_simulation_launch.py\n'}
[3.387154] (nav2_bringup) StdoutLine: {'line': b'-- Symlinking: /home/daniel/Multi-robot-Navigation/install/nav2_bringup/share/nav2_bringup/launch/localization_launch.py\n'}
[3.392838] (nav2_bringup) StdoutLine: {'line': b'-- Symlinking: /home/daniel/Multi-robot-Navigation/install/nav2_bringup/share/nav2_bringup/launch/map_filters_launch.py\n'}
[3.398824] (nav2_bringup) StdoutLine: {'line': b'-- Symlinking: /home/daniel/Multi-robot-Navigation/install/nav2_bringup/share/nav2_bringup/launch/navigation_launch.py\n'}
[3.404976] (nav2_bringup) StdoutLine: {'line': b'-- Symlinking: /home/daniel/Multi-robot-Navigation/install/nav2_bringup/share/nav2_bringup/launch/rviz_launch.py\n'}
[3.406443] (-) TimerEvent: {}
[3.411266] (nav2_bringup) StdoutLine: {'line': b'-- Symlinking: /home/daniel/Multi-robot-Navigation/install/nav2_bringup/share/nav2_bringup/launch/slam_launch.py\n'}
[3.417369] (nav2_bringup) StdoutLine: {'line': b'-- Symlinking: /home/daniel/Multi-robot-Navigation/install/nav2_bringup/share/nav2_bringup/launch/tb3_simulation_launch.py\n'}
[3.423257] (nav2_bringup) StdoutLine: {'line': b'-- Symlinking: /home/daniel/Multi-robot-Navigation/install/nav2_bringup/share/nav2_bringup/launch/unique_multi_tb3_simulation_launch.py\n'}
[3.429179] (nav2_bringup) StdoutLine: {'line': b'-- Symlinking: /home/daniel/Multi-robot-Navigation/install/nav2_bringup/share/nav2_bringup/launch/warehouse_multibot_launch.py\n'}
[3.435845] (nav2_bringup) StdoutLine: {'line': b'-- Symlinking: /home/daniel/Multi-robot-Navigation/install/nav2_bringup/share/nav2_bringup/maps/new_warehouse_save.pgm\n'}
[3.441952] (nav2_bringup) StdoutLine: {'line': b'-- Symlinking: /home/daniel/Multi-robot-Navigation/install/nav2_bringup/share/nav2_bringup/maps/new_warehouse_save.yaml\n'}
[3.447956] (nav2_bringup) StdoutLine: {'line': b'-- Symlinking: /home/daniel/Multi-robot-Navigation/install/nav2_bringup/share/nav2_bringup/maps/turtlebot3_world.pgm\n'}
[3.454244] (nav2_bringup) StdoutLine: {'line': b'-- Symlinking: /home/daniel/Multi-robot-Navigation/install/nav2_bringup/share/nav2_bringup/maps/turtlebot3_world.yaml\n'}
[3.460750] (nav2_bringup) StdoutLine: {'line': b'-- Symlinking: /home/daniel/Multi-robot-Navigation/install/nav2_bringup/share/nav2_bringup/rviz/nav2_default_view.rviz\n'}
[3.467244] (nav2_bringup) StdoutLine: {'line': b'-- Symlinking: /home/daniel/Multi-robot-Navigation/install/nav2_bringup/share/nav2_bringup/rviz/nav2_namespaced_view.rviz\n'}
[3.473536] (nav2_bringup) StdoutLine: {'line': b'-- Symlinking: /home/daniel/Multi-robot-Navigation/install/nav2_bringup/share/nav2_bringup/worlds/waffle.model\n'}
[3.479445] (nav2_bringup) StdoutLine: {'line': b'-- Symlinking: /home/daniel/Multi-robot-Navigation/install/nav2_bringup/share/nav2_bringup/worlds/warehouse.world\n'}
[3.485288] (nav2_bringup) StdoutLine: {'line': b'-- Symlinking: /home/daniel/Multi-robot-Navigation/install/nav2_bringup/share/nav2_bringup/worlds/world_only.model\n'}
[3.491290] (nav2_bringup) StdoutLine: {'line': b'-- Symlinking: /home/daniel/Multi-robot-Navigation/install/nav2_bringup/share/nav2_bringup/params/map_filter_params.yaml\n'}
[3.497288] (nav2_bringup) StdoutLine: {'line': b'-- Symlinking: /home/daniel/Multi-robot-Navigation/install/nav2_bringup/share/nav2_bringup/params/nav2_multirobot_params_1.yaml\n'}
[3.503494] (nav2_bringup) StdoutLine: {'line': b'-- Symlinking: /home/daniel/Multi-robot-Navigation/install/nav2_bringup/share/nav2_bringup/params/nav2_multirobot_params_2.yaml\n'}
[3.506557] (-) TimerEvent: {}
[3.509816] (nav2_bringup) StdoutLine: {'line': b'-- Symlinking: /home/daniel/Multi-robot-Navigation/install/nav2_bringup/share/nav2_bringup/params/nav2_multirobot_params_all.yaml\n'}
[3.515668] (nav2_bringup) StdoutLine: {'line': b'-- Symlinking: /home/daniel/Multi-robot-Navigation/install/nav2_bringup/share/nav2_bringup/params/nav2_params.yaml\n'}
[3.521477] (turtlebot3_gazebo) StdoutLine: {'line': b'-- Found fcl: /usr/include (found suitable version "0.7.0", minimum required is "0.5.0") \n'}
[3.522249] (nav2_bringup) StdoutLine: {'line': b'-- Symlinking: /home/daniel/Multi-robot-Navigation/install/nav2_bringup/share/nav2_bringup/urdf/turtlebot3_waffle.urdf\n'}
[3.528655] (nav2_bringup) StdoutLine: {'line': b'-- Symlinking: /home/daniel/Multi-robot-Navigation/install/nav2_bringup/share/ament_index/resource_index/package_run_dependencies/nav2_bringup\n'}
[3.534946] (nav2_bringup) StdoutLine: {'line': b'-- Symlinking: /home/daniel/Multi-robot-Navigation/install/nav2_bringup/share/ament_index/resource_index/parent_prefix_path/nav2_bringup\n'}
[3.541023] (nav2_bringup) StdoutLine: {'line': b'-- Symlinking: /home/daniel/Multi-robot-Navigation/install/nav2_bringup/share/nav2_bringup/environment/ament_prefix_path.sh\n'}
[3.547370] (nav2_bringup) StdoutLine: {'line': b'-- Symlinking: /home/daniel/Multi-robot-Navigation/install/nav2_bringup/share/nav2_bringup/environment/ament_prefix_path.dsv\n'}
[3.554206] (nav2_bringup) StdoutLine: {'line': b'-- Symlinking: /home/daniel/Multi-robot-Navigation/install/nav2_bringup/share/nav2_bringup/environment/path.sh\n'}
[3.560806] (nav2_bringup) StdoutLine: {'line': b'-- Symlinking: /home/daniel/Multi-robot-Navigation/install/nav2_bringup/share/nav2_bringup/environment/path.dsv\n'}
[3.567115] (nav2_bringup) StdoutLine: {'line': b'-- Symlinking: /home/daniel/Multi-robot-Navigation/install/nav2_bringup/share/nav2_bringup/local_setup.bash\n'}
[3.573625] (nav2_bringup) StdoutLine: {'line': b'-- Symlinking: /home/daniel/Multi-robot-Navigation/install/nav2_bringup/share/nav2_bringup/local_setup.sh\n'}
[3.580009] (nav2_bringup) StdoutLine: {'line': b'-- Symlinking: /home/daniel/Multi-robot-Navigation/install/nav2_bringup/share/nav2_bringup/local_setup.zsh\n'}
[3.583770] (turtlebot3_gazebo) StdoutLine: {'line': b'-- Found assimp: /usr/include (found version "5.2.0") \n'}
[3.586701] (nav2_bringup) StdoutLine: {'line': b'-- Symlinking: /home/daniel/Multi-robot-Navigation/install/nav2_bringup/share/nav2_bringup/local_setup.dsv\n'}
[3.593061] (nav2_bringup) StdoutLine: {'line': b'-- Symlinking: /home/daniel/Multi-robot-Navigation/install/nav2_bringup/share/nav2_bringup/package.dsv\n'}
[3.599506] (nav2_bringup) StdoutLine: {'line': b'-- Symlinking: /home/daniel/Multi-robot-Navigation/install/nav2_bringup/share/ament_index/resource_index/packages/nav2_bringup\n'}
[3.605895] (nav2_bringup) StdoutLine: {'line': b'-- Symlinking: /home/daniel/Multi-robot-Navigation/install/nav2_bringup/share/nav2_bringup/cmake/nav2_bringupConfig.cmake\n'}
[3.606629] (-) TimerEvent: {}
[3.612271] (nav2_bringup) StdoutLine: {'line': b'-- Symlinking: /home/daniel/Multi-robot-Navigation/install/nav2_bringup/share/nav2_bringup/cmake/nav2_bringupConfig-version.cmake\n'}
[3.618864] (nav2_bringup) StdoutLine: {'line': b'-- Symlinking: /home/daniel/Multi-robot-Navigation/install/nav2_bringup/share/nav2_bringup/package.xml\n'}
[3.626267] (nav2_bringup) CommandEnded: {'returncode': 0}
[3.651789] (nav2_bringup) JobEnded: {'identifier': 'nav2_bringup', 'rc': 0}
[3.706772] (-) TimerEvent: {}
[3.807020] (-) TimerEvent: {}
[3.865806] (turtlebot3_gazebo) StdoutLine: {'line': b'-- Found DART: /usr/include (Required is at least version "6.6") found components: dart \n'}
[3.907293] (-) TimerEvent: {}
[4.007679] (-) TimerEvent: {}
[4.107934] (-) TimerEvent: {}
[4.208240] (-) TimerEvent: {}
[4.286973] (turtlebot3_gazebo) StdoutLine: {'line': b'-- Found Boost: /usr/lib/x86_64-linux-gnu/cmake/Boost-1.74.0/BoostConfig.cmake (found suitable version "1.74.0", minimum required is "1.40.0") found components: thread system filesystem program_options regex iostreams date_time \n'}
[4.308377] (-) TimerEvent: {}
[4.408746] (-) TimerEvent: {}
[4.442148] (turtlebot3_gazebo) StdoutLine: {'line': b'-- Found Protobuf: /usr/lib/x86_64-linux-gnu/libprotobuf.so (found version "3.12.4") \n'}
[4.482910] (turtlebot3_gazebo) StdoutLine: {'line': b'-- Looking for ignition-math6 -- found version 6.15.1\n'}
[4.508949] (-) TimerEvent: {}
[4.550208] (turtlebot3_gazebo) StdoutLine: {'line': b'-- Searching for dependencies of ignition-math6\n'}
[4.571324] (turtlebot3_gazebo) StdoutLine: {'line': b'-- Looking for OGRE...\n'}
[4.571644] (turtlebot3_gazebo) StdoutLine: {'line': b'-- OGRE_PREFIX_WATCH changed.\n'}
[4.575145] (turtlebot3_gazebo) StdoutLine: {'line': b"-- Checking for module 'OGRE'\n"}
[4.583260] (turtlebot3_gazebo) StdoutLine: {'line': b'--   Found OGRE, version 1.9.0\n'}
[4.609151] (-) TimerEvent: {}
[4.617309] (turtlebot3_gazebo) StdoutLine: {'line': b'-- Found Ogre Ghadamon (1.9.0)\n'}
[4.634674] (turtlebot3_gazebo) StdoutLine: {'line': b'-- Found OGRE: optimized;/usr/lib/x86_64-linux-gnu/libOgreMain.so;debug;/usr/lib/x86_64-linux-gnu/libOgreMain.so\n'}
[4.642133] (turtlebot3_gazebo) StdoutLine: {'line': b'-- Looking for OGRE_Paging...\n'}
[4.646747] (turtlebot3_gazebo) StdoutLine: {'line': b'-- Found OGRE_Paging: optimized;/usr/lib/x86_64-linux-gnu/libOgrePaging.so;debug;/usr/lib/x86_64-linux-gnu/libOgrePaging.so\n'}
[4.646877] (turtlebot3_gazebo) StdoutLine: {'line': b'-- Looking for OGRE_Terrain...\n'}
[4.650859] (turtlebot3_gazebo) StdoutLine: {'line': b'-- Found OGRE_Terrain: optimized;/usr/lib/x86_64-linux-gnu/libOgreTerrain.so;debug;/usr/lib/x86_64-linux-gnu/libOgreTerrain.so\n'}
[4.650944] (turtlebot3_gazebo) StdoutLine: {'line': b'-- Looking for OGRE_Property...\n'}
[4.655050] (turtlebot3_gazebo) StdoutLine: {'line': b'-- Found OGRE_Property: optimized;/usr/lib/x86_64-linux-gnu/libOgreProperty.so;debug;/usr/lib/x86_64-linux-gnu/libOgreProperty.so\n'}
[4.655146] (turtlebot3_gazebo) StdoutLine: {'line': b'-- Looking for OGRE_RTShaderSystem...\n'}
[4.659455] (turtlebot3_gazebo) StdoutLine: {'line': b'-- Found OGRE_RTShaderSystem: optimized;/usr/lib/x86_64-linux-gnu/libOgreRTShaderSystem.so;debug;/usr/lib/x86_64-linux-gnu/libOgreRTShaderSystem.so\n'}
[4.659539] (turtlebot3_gazebo) StdoutLine: {'line': b'-- Looking for OGRE_Volume...\n'}
[4.663592] (turtlebot3_gazebo) StdoutLine: {'line': b'-- Found OGRE_Volume: optimized;/usr/lib/x86_64-linux-gnu/libOgreVolume.so;debug;/usr/lib/x86_64-linux-gnu/libOgreVolume.so\n'}
[4.663690] (turtlebot3_gazebo) StdoutLine: {'line': b'-- Looking for OGRE_Overlay...\n'}
[4.667977] (turtlebot3_gazebo) StdoutLine: {'line': b'-- Found OGRE_Overlay: optimized;/usr/lib/x86_64-linux-gnu/libOgreOverlay.so;debug;/usr/lib/x86_64-linux-gnu/libOgreOverlay.so\n'}
[4.709213] (-) TimerEvent: {}
[4.758903] (turtlebot3_gazebo) StdoutLine: {'line': b'-- Looking for ignition-math6 -- found version 6.15.1\n'}
[4.778016] (turtlebot3_gazebo) StdoutLine: {'line': b'-- Looking for ignition-transport8 -- found version 8.2.1\n'}
[4.778387] (turtlebot3_gazebo) StdoutLine: {'line': b'-- Searching for dependencies of ignition-transport8\n'}
[4.791427] (turtlebot3_gazebo) StdoutLine: {'line': b'-- Found Protobuf: /usr/lib/x86_64-linux-gnu/libprotobuf.so (found suitable version "3.12.4", minimum required is "3") \n'}
[4.799744] (turtlebot3_gazebo) StdoutLine: {'line': b'-- Config-file not installed for ZeroMQ -- checking for pkg-config\n'}
[4.803053] (turtlebot3_gazebo) StdoutLine: {'line': b"-- Checking for module 'libzmq >= 4'\n"}
[4.809273] (-) TimerEvent: {}
[4.906143] (turtlebot3_gazebo) StdoutLine: {'line': b'--   Found libzmq , version 4.3.4\n'}
[4.909348] (-) TimerEvent: {}
[4.928010] (turtlebot3_gazebo) StdoutLine: {'line': b'-- Found ZeroMQ: TRUE (Required is at least version "4") \n'}
[4.945048] (turtlebot3_gazebo) StdoutLine: {'line': b"-- Checking for module 'uuid'\n"}
[4.959309] (turtlebot3_gazebo) StdoutLine: {'line': b'--   Found uuid, version 2.37.2\n'}
[4.978427] (turtlebot3_gazebo) StdoutLine: {'line': b'-- Found UUID: TRUE  \n'}
[4.988902] (turtlebot3_gazebo) StdoutLine: {'line': b'-- Looking for ignition-msgs5 -- found version 5.8.1\n'}
[4.989350] (turtlebot3_gazebo) StdoutLine: {'line': b'-- Searching for dependencies of ignition-msgs5\n'}
[5.003101] (turtlebot3_gazebo) StdoutLine: {'line': b'-- Looking for ignition-math6 -- found version 6.15.1\n'}
[5.006652] (turtlebot3_gazebo) StdoutLine: {'line': b"-- Checking for module 'tinyxml2'\n"}
[5.009415] (-) TimerEvent: {}
[5.026309] (turtlebot3_gazebo) StdoutLine: {'line': b'--   Found tinyxml2, version 9.0.0\n'}
[5.047248] (turtlebot3_gazebo) StdoutLine: {'line': b'-- Looking for ignition-msgs5 -- found version 5.8.1\n'}
[5.075555] (turtlebot3_gazebo) StdoutLine: {'line': b'-- Looking for ignition-common3 -- found version 3.14.0\n'}
[5.075989] (turtlebot3_gazebo) StdoutLine: {'line': b'-- Searching for dependencies of ignition-common3\n'}
[5.076421] (turtlebot3_gazebo) StdoutLine: {'line': b'-- Looking for dlfcn.h - found\n'}
[5.077172] (turtlebot3_gazebo) StdoutLine: {'line': b'-- Looking for libdl - found\n'}
[5.078241] (turtlebot3_gazebo) StdoutLine: {'line': b'-- Found DL: TRUE  \n'}
[5.092385] (turtlebot3_gazebo) StdoutLine: {'line': b'-- Found tinyobjloader: /usr/lib/x86_64-linux-gnu/cmake/tinyobjloader/tinyobjloader-config.cmake (found version "2.0.0") \n'}
[5.097933] (turtlebot3_gazebo) StdoutLine: {'line': b'-- Searching for <ignition-common3> component [graphics]\n'}
[5.100358] (turtlebot3_gazebo) StdoutLine: {'line': b'-- Looking for ignition-common3-graphics -- found version 3.14.0\n'}
[5.100749] (turtlebot3_gazebo) StdoutLine: {'line': b'-- Searching for dependencies of ignition-common3-graphics\n'}
[5.100975] (turtlebot3_gazebo) StdoutLine: {'line': b'-- Looking for ignition-math6 -- found version 6.15.1\n'}
[5.109570] (-) TimerEvent: {}
[5.127679] (turtlebot3_gazebo) StdoutLine: {'line': b'-- Looking for ignition-fuel_tools4 -- found version 4.4.0\n'}
[5.128127] (turtlebot3_gazebo) StdoutLine: {'line': b'-- Searching for dependencies of ignition-fuel_tools4\n'}
[5.209713] (-) TimerEvent: {}
[5.217817] (turtlebot3_gazebo) StdoutLine: {'line': b'-- Found CURL: /usr/lib/x86_64-linux-gnu/libcurl.so (found version "7.81.0")  \n'}
[5.285919] (turtlebot3_gazebo) StdoutLine: {'line': b"-- Checking for module 'jsoncpp'\n"}
[5.294472] (turtlebot3_gazebo) StdoutLine: {'line': b'--   Found jsoncpp, version 1.9.5\n'}
[5.309779] (-) TimerEvent: {}
[5.314822] (turtlebot3_gazebo) StdoutLine: {'line': b'-- Found JSONCPP: TRUE  \n'}
[5.331882] (turtlebot3_gazebo) StdoutLine: {'line': b"-- Checking for module 'libzip'\n"}
[5.357673] (turtlebot3_gazebo) StdoutLine: {'line': b'--   Found libzip, version 1.7.3\n'}
[5.378564] (turtlebot3_gazebo) StdoutLine: {'line': b'-- Found ZIP: TRUE  \n'}
[5.378917] (turtlebot3_gazebo) StdoutLine: {'line': b'-- Looking for ignition-common3 -- found version 3.14.0\n'}
[5.379255] (turtlebot3_gazebo) StdoutLine: {'line': b'-- Looking for ignition-math6 -- found version 6.15.1\n'}
[5.379581] (turtlebot3_gazebo) StdoutLine: {'line': b'-- Looking for ignition-msgs5 -- found version 5.8.1\n'}
[5.409944] (-) TimerEvent: {}
[5.431958] (turtlebot3_gazebo) StdoutLine: {'line': b'-- Found gazebo_ros_pkgs: 3.7.0 (/opt/ros/humble/share/gazebo_ros_pkgs/cmake)\n'}
[5.447300] (turtlebot3_gazebo) StdoutLine: {'line': b'-- Found geometry_msgs: 4.2.4 (/opt/ros/humble/share/geometry_msgs/cmake)\n'}
[5.510100] (-) TimerEvent: {}
[5.610444] (-) TimerEvent: {}
[5.620535] (turtlebot3_gazebo) StdoutLine: {'line': b'-- Found rosidl_generator_c: 3.1.5 (/opt/ros/humble/share/rosidl_generator_c/cmake)\n'}
[5.645307] (turtlebot3_gazebo) StdoutLine: {'line': b'-- Found rosidl_adapter: 3.1.5 (/opt/ros/humble/share/rosidl_adapter/cmake)\n'}
[5.676354] (turtlebot3_gazebo) StdoutLine: {'line': b'-- Found rosidl_generator_cpp: 3.1.5 (/opt/ros/humble/share/rosidl_generator_cpp/cmake)\n'}
[5.708229] (turtlebot3_gazebo) StdoutLine: {'line': b'-- Using all available rosidl_typesupport_c: rosidl_typesupport_fastrtps_c;rosidl_typesupport_introspection_c\n'}
[5.710505] (-) TimerEvent: {}
[5.802064] (turtlebot3_gazebo) StdoutLine: {'line': b'-- Using all available rosidl_typesupport_cpp: rosidl_typesupport_fastrtps_cpp;rosidl_typesupport_introspection_cpp\n'}
[5.810608] (-) TimerEvent: {}
[5.910901] (-) TimerEvent: {}
[5.920574] (turtlebot3_gazebo) StdoutLine: {'line': b'-- Found nav_msgs: 4.2.4 (/opt/ros/humble/share/nav_msgs/cmake)\n'}
[5.999260] (turtlebot3_gazebo) StdoutLine: {'line': b'-- Found rclcpp: 16.0.9 (/opt/ros/humble/share/rclcpp/cmake)\n'}
[6.011022] (-) TimerEvent: {}
[6.111266] (-) TimerEvent: {}
[6.137127] (turtlebot3_gazebo) StdoutLine: {'line': b'-- Found rmw_implementation_cmake: 6.1.2 (/opt/ros/humble/share/rmw_implementation_cmake/cmake)\n'}
[6.146215] (turtlebot3_gazebo) StdoutLine: {'line': b'-- Found rmw_fastrtps_cpp: 6.2.6 (/opt/ros/humble/share/rmw_fastrtps_cpp/cmake)\n'}
[6.211450] (-) TimerEvent: {}
[6.311750] (-) TimerEvent: {}
[6.341693] (turtlebot3_gazebo) StdoutLine: {'line': b'-- Found OpenSSL: /usr/lib/x86_64-linux-gnu/libcrypto.so (found version "3.0.2")  \n'}
[6.411529] (turtlebot3_gazebo) StdoutLine: {'line': b'-- Found FastRTPS: /opt/ros/humble/include  \n'}
[6.411783] (-) TimerEvent: {}
[6.450273] (turtlebot3_gazebo) StdoutLine: {'line': b"-- Using RMW implementation 'rmw_fastrtps_cpp' as default\n"}
[6.505210] (turtlebot3_gazebo) StdoutLine: {'line': b'-- Found Threads: TRUE  \n'}
[6.511940] (-) TimerEvent: {}
[6.612238] (-) TimerEvent: {}
[6.673198] (turtlebot3_gazebo) StdoutLine: {'line': b'-- Found sensor_msgs: 4.2.4 (/opt/ros/humble/share/sensor_msgs/cmake)\n'}
[6.712295] (-) TimerEvent: {}
[6.788281] (turtlebot3_gazebo) StdoutLine: {'line': b'-- Found tf2: 0.25.7 (/opt/ros/humble/share/tf2/cmake)\n'}
[6.812470] (-) TimerEvent: {}
[6.912399] (turtlebot3_gazebo) StdoutLine: {'line': b'-- Configuring done\n'}
[6.912515] (-) TimerEvent: {}
[7.012764] (-) TimerEvent: {}
[7.040180] (turtlebot3_gazebo) StdoutLine: {'line': b'-- Generating done\n'}
[7.042274] (turtlebot3_gazebo) StdoutLine: {'line': b'-- Build files have been written to: /home/daniel/Multi-robot-Navigation/build/turtlebot3_gazebo\n'}
[7.050986] (turtlebot3_gazebo) CommandEnded: {'returncode': 0}
[7.051515] (turtlebot3_gazebo) JobProgress: {'identifier': 'turtlebot3_gazebo', 'progress': 'build'}
[7.051927] (turtlebot3_gazebo) Command: {'cmd': ['/usr/bin/cmake', '--build', '/home/daniel/Multi-robot-Navigation/build/turtlebot3_gazebo', '--', '-j8', '-l8'], 'cwd': '/home/daniel/Multi-robot-Navigation/build/turtlebot3_gazebo', 'env': OrderedDict([('LESSOPEN', '| /usr/bin/lesspipe %s'), ('LANGUAGE', 'en_IN:en'), ('USER', 'daniel'), ('ROS_PACKAGE_PATH', '/home/daniel/robots_ws/install/turtlebot3_fake/share'), ('XDG_SESSION_TYPE', 'x11'), ('SHLVL', '1'), ('LD_LIBRARY_PATH', '/usr/lib/x86_64-linux-gnu/gazebo-11/plugins:/opt/ros/humble/opt/rviz_ogre_vendor/lib:/opt/ros/humble/lib/x86_64-linux-gnu:/opt/ros/humble/lib'), ('HOME', '/home/daniel'), ('OLDPWD', '/home/daniel'), ('DESKTOP_SESSION', 'ubuntu'), ('ROS_PYTHON_VERSION', '3'), ('GNOME_SHELL_SESSION_MODE', 'ubuntu'), ('GTK_MODULES', 'gail:atk-bridge'), ('SYSTEMD_EXEC_PID', '5335'), ('DBUS_SESSION_BUS_ADDRESS', 'unix:path=/run/user/1000/bus'), ('COLORTERM', 'truecolor'), ('COLCON_PREFIX_PATH', '/home/daniel/CustomMultibot/install:/home/daniel/robots_ws/install:/home/daniel/dan_ws/install'), ('ROS_DISTRO', 'humble'), ('GTK_IM_MODULE', 'ibus'), ('LOGNAME', 'daniel'), ('_', '/usr/bin/colcon'), ('ROS_VERSION', '2'), ('PKG_CONFIG_PATH', '/home/daniel/robots_ws/install/turtlebot3_fake/lib/x86_64-linux-gnu/pkgconfig:/home/daniel/robots_ws/install/turtlebot3_fake/lib/pkgconfig'), ('XDG_SESSION_CLASS', 'user'), ('USERNAME', 'daniel'), ('TERM', 'xterm-256color'), ('GNOME_DESKTOP_SESSION_ID', 'this-is-deprecated'), ('ROS_LOCALHOST_ONLY', '30'), ('WINDOWPATH', '2'), ('PATH', '/opt/ros/humble/bin:/usr/local/sbin:/usr/local/bin:/usr/sbin:/usr/bin:/sbin:/bin:/usr/games:/usr/local/games:/snap/bin:/snap/bin:/usr/local/go/bin:/home/daniel/.spicetify'), ('SESSION_MANAGER', 'local/daniel-legion-5:@/tmp/.ICE-unix/3377,unix/daniel-legion-5:/tmp/.ICE-unix/3377'), ('XDG_MENU_PREFIX', 'gnome-'), ('GNOME_TERMINAL_SCREEN', '/org/gnome/Terminal/screen/1fad61a9_d142_4812_b808_1685e103ca42'), ('XDG_RUNTIME_DIR', '/run/user/1000'), ('DISPLAY', ':1'), ('LANG', 'en_US.UTF-8'), ('XDG_CURRENT_DESKTOP', 'ubuntu:GNOME'), ('XMODIFIERS', '@im=ibus'), ('XDG_SESSION_DESKTOP', 'ubuntu'), ('XAUTHORITY', '/run/user/1000/gdm/Xauthority'), ('LS_COLORS', 'rs=0:di=01;34:ln=01;36:mh=00:pi=40;33:so=01;35:do=01;35:bd=40;33;01:cd=40;33;01:or=40;31;01:mi=00:su=37;41:sg=30;43:ca=30;41:tw=30;42:ow=34;42:st=37;44:ex=01;32:*.tar=01;31:*.tgz=01;31:*.arc=01;31:*.arj=01;31:*.taz=01;31:*.lha=01;31:*.lz4=01;31:*.lzh=01;31:*.lzma=01;31:*.tlz=01;31:*.txz=01;31:*.tzo=01;31:*.t7z=01;31:*.zip=01;31:*.z=01;31:*.dz=01;31:*.gz=01;31:*.lrz=01;31:*.lz=01;31:*.lzo=01;31:*.xz=01;31:*.zst=01;31:*.tzst=01;31:*.bz2=01;31:*.bz=01;31:*.tbz=01;31:*.tbz2=01;31:*.tz=01;31:*.deb=01;31:*.rpm=01;31:*.jar=01;31:*.war=01;31:*.ear=01;31:*.sar=01;31:*.rar=01;31:*.alz=01;31:*.ace=01;31:*.zoo=01;31:*.cpio=01;31:*.7z=01;31:*.rz=01;31:*.cab=01;31:*.wim=01;31:*.swm=01;31:*.dwm=01;31:*.esd=01;31:*.jpg=01;35:*.jpeg=01;35:*.mjpg=01;35:*.mjpeg=01;35:*.gif=01;35:*.bmp=01;35:*.pbm=01;35:*.pgm=01;35:*.ppm=01;35:*.tga=01;35:*.xbm=01;35:*.xpm=01;35:*.tif=01;35:*.tiff=01;35:*.png=01;35:*.svg=01;35:*.svgz=01;35:*.mng=01;35:*.pcx=01;35:*.mov=01;35:*.mpg=01;35:*.mpeg=01;35:*.m2v=01;35:*.mkv=01;35:*.webm=01;35:*.webp=01;35:*.ogm=01;35:*.mp4=01;35:*.m4v=01;35:*.mp4v=01;35:*.vob=01;35:*.qt=01;35:*.nuv=01;35:*.wmv=01;35:*.asf=01;35:*.rm=01;35:*.rmvb=01;35:*.flc=01;35:*.avi=01;35:*.fli=01;35:*.flv=01;35:*.gl=01;35:*.dl=01;35:*.xcf=01;35:*.xwd=01;35:*.yuv=01;35:*.cgm=01;35:*.emf=01;35:*.ogv=01;35:*.ogx=01;35:*.aac=00;36:*.au=00;36:*.flac=00;36:*.m4a=00;36:*.mid=00;36:*.midi=00;36:*.mka=00;36:*.mp3=00;36:*.mpc=00;36:*.ogg=00;36:*.ra=00;36:*.wav=00;36:*.oga=00;36:*.opus=00;36:*.spx=00;36:*.xspf=00;36:'), ('GNOME_TERMINAL_SERVICE', ':1.91'), ('SSH_AGENT_LAUNCHER', 'gnome-keyring'), ('SSH_AUTH_SOCK', '/run/user/1000/keyring/ssh'), ('AMENT_PREFIX_PATH', '/home/daniel/CustomMultibot/install/turtlebot3_simulations:/home/daniel/CustomMultibot/install/turtlebot3_gazebo:/home/daniel/CustomMultibot/install/nav2_bringup:/home/daniel/CustomMultibot/install/follow_waypoints:/home/daniel/robots_ws/install/turtlebot3_simulations:/home/daniel/robots_ws/install/turtlebot3_gazebo:/home/daniel/robots_ws/install/turtlebot3_fake_node:/home/daniel/robots_ws/install/multi_robot_rosbot:/home/daniel/robots_ws/install/articubot_one:/home/daniel/dan_ws/install/follow_waypoint:/home/daniel/dan_ws/install/articubot_one:/opt/ros/humble'), ('SHELL', '/bin/bash'), ('QT_ACCESSIBILITY', '1'), ('GDMSESSION', 'ubuntu'), ('LESSCLOSE', '/usr/bin/lesspipe %s %s'), ('GPG_AGENT_INFO', '/run/user/1000/gnupg/S.gpg-agent:0:1'), ('QT_IM_MODULE', 'ibus'), ('PWD', '/home/daniel/Multi-robot-Navigation/build/turtlebot3_gazebo'), ('TURTLEBOT3_MODEL', 'waffle'), ('LC_ALL', 'en_US.UTF-8'), ('XDG_CONFIG_DIRS', '/etc/xdg/xdg-ubuntu:/etc/xdg'), ('XDG_DATA_DIRS', '/usr/share/ubuntu:/usr/share/gnome:/usr/local/share/:/usr/share/:/var/lib/snapd/desktop'), ('PYTHONPATH', '/home/daniel/CustomMultibot/build/follow_waypoints:/home/daniel/CustomMultibot/install/follow_waypoints/lib/python3.10/site-packages:/home/daniel/dan_ws/install/follow_waypoint/lib/python3.10/site-packages:/opt/ros/humble/lib/python3.10/site-packages:/opt/ros/humble/local/lib/python3.10/dist-packages'), ('COLCON', '1'), ('VTE_VERSION', '6800'), ('CMAKE_PREFIX_PATH', '/home/daniel/CustomMultibot/install/turtlebot3_simulations:/home/daniel/CustomMultibot/install/turtlebot3_gazebo:/home/daniel/CustomMultibot/install/nav2_bringup:/home/daniel/robots_ws/install/turtlebot3_simulations:/home/daniel/CustomMultibot/install/follow_waypoints:/home/daniel/dan_ws/install/follow_waypoint:/opt/ros/humble:/home/daniel/robots_ws/install/turtlebot3_gazebo:/home/daniel/robots_ws/install/turtlebot3_fake_node:/home/daniel/robots_ws/install/multi_robot_rosbot:/home/daniel/robots_ws/install/articubot_one:/home/daniel/dan_ws/install/articubot_one')]), 'shell': False}
[7.087963] (turtlebot3_gazebo) StdoutLine: {'line': b'[ 50%] \x1b[32mBuilding CXX object CMakeFiles/obstacle1.dir/models/turtlebot3_dqn_world/obstacle_plugin/obstacle1.cc.o\x1b[0m\n'}
[7.088190] (turtlebot3_gazebo) StdoutLine: {'line': b'[ 50%] \x1b[32mBuilding CXX object CMakeFiles/obstacles.dir/models/turtlebot3_dqn_world/obstacle_plugin/obstacles.cc.o\x1b[0m\n'}
[7.088277] (turtlebot3_gazebo) StdoutLine: {'line': b'[ 50%] \x1b[32mBuilding CXX object CMakeFiles/obstacle2.dir/models/turtlebot3_dqn_world/obstacle_plugin/obstacle2.cc.o\x1b[0m\n'}
[7.088351] (turtlebot3_gazebo) StdoutLine: {'line': b'[ 50%] \x1b[32mBuilding CXX object CMakeFiles/turtlebot3_drive.dir/src/turtlebot3_drive.cpp.o\x1b[0m\n'}
[7.112878] (-) TimerEvent: {}
[7.213210] (-) TimerEvent: {}
[7.313541] (-) TimerEvent: {}
[7.413869] (-) TimerEvent: {}
[7.514084] (-) TimerEvent: {}
[7.614372] (-) TimerEvent: {}
[7.714580] (-) TimerEvent: {}
[7.814834] (-) TimerEvent: {}
[7.915145] (-) TimerEvent: {}
[8.015516] (-) TimerEvent: {}
[8.115763] (-) TimerEvent: {}
[8.215991] (-) TimerEvent: {}
[8.316308] (-) TimerEvent: {}
[8.416603] (-) TimerEvent: {}
[8.516937] (-) TimerEvent: {}
[8.617289] (-) TimerEvent: {}
[8.717525] (-) TimerEvent: {}
[8.817833] (-) TimerEvent: {}
[8.918102] (-) TimerEvent: {}
[9.018397] (-) TimerEvent: {}
[9.118819] (-) TimerEvent: {}
[9.219035] (-) TimerEvent: {}
[9.319359] (-) TimerEvent: {}
[9.419575] (-) TimerEvent: {}
[9.519804] (-) TimerEvent: {}
[9.620059] (-) TimerEvent: {}
[9.720293] (-) TimerEvent: {}
[9.820591] (-) TimerEvent: {}
[9.920924] (-) TimerEvent: {}
[10.021184] (-) TimerEvent: {}
[10.121394] (-) TimerEvent: {}
[10.221647] (-) TimerEvent: {}
[10.321914] (-) TimerEvent: {}
[10.422239] (-) TimerEvent: {}
[10.522476] (-) TimerEvent: {}
[10.622820] (-) TimerEvent: {}
[10.723040] (-) TimerEvent: {}
[10.823260] (-) TimerEvent: {}
[10.923505] (-) TimerEvent: {}
[11.023748] (-) TimerEvent: {}
[11.123985] (-) TimerEvent: {}
[11.224225] (-) TimerEvent: {}
[11.324463] (-) TimerEvent: {}
[11.424706] (-) TimerEvent: {}
[11.525039] (-) TimerEvent: {}
[11.625416] (-) TimerEvent: {}
[11.725687] (-) TimerEvent: {}
[11.825952] (-) TimerEvent: {}
[11.926252] (-) TimerEvent: {}
[12.026562] (-) TimerEvent: {}
[12.126908] (-) TimerEvent: {}
[12.227292] (-) TimerEvent: {}
[12.327618] (-) TimerEvent: {}
[12.427885] (-) TimerEvent: {}
[12.528140] (-) TimerEvent: {}
[12.628357] (-) TimerEvent: {}
[12.728573] (-) TimerEvent: {}
[12.828796] (-) TimerEvent: {}
[12.929057] (-) TimerEvent: {}
[13.029431] (-) TimerEvent: {}
[13.129796] (-) TimerEvent: {}
[13.230065] (-) TimerEvent: {}
[13.330502] (-) TimerEvent: {}
[13.430764] (-) TimerEvent: {}
[13.531051] (-) TimerEvent: {}
[13.631290] (-) TimerEvent: {}
[13.731546] (-) TimerEvent: {}
[13.831806] (-) TimerEvent: {}
[13.932059] (-) TimerEvent: {}
[14.032325] (-) TimerEvent: {}
[14.132677] (-) TimerEvent: {}
[14.233260] (-) TimerEvent: {}
[14.333636] (-) TimerEvent: {}
[14.433923] (-) TimerEvent: {}
[14.534203] (-) TimerEvent: {}
[14.634481] (-) TimerEvent: {}
[14.734726] (-) TimerEvent: {}
[14.834965] (-) TimerEvent: {}
[14.935219] (-) TimerEvent: {}
[15.035558] (-) TimerEvent: {}
[15.135782] (-) TimerEvent: {}
[15.236011] (-) TimerEvent: {}
[15.336388] (-) TimerEvent: {}
[15.436858] (-) TimerEvent: {}
[15.537240] (-) TimerEvent: {}
[15.637562] (-) TimerEvent: {}
[15.737847] (-) TimerEvent: {}
[15.838186] (-) TimerEvent: {}
[15.938482] (-) TimerEvent: {}
[16.038787] (-) TimerEvent: {}
[16.139129] (-) TimerEvent: {}
[16.239476] (-) TimerEvent: {}
[16.339797] (-) TimerEvent: {}
[16.440074] (-) TimerEvent: {}
[16.540367] (-) TimerEvent: {}
[16.640654] (-) TimerEvent: {}
[16.740911] (-) TimerEvent: {}
[16.841357] (-) TimerEvent: {}
[16.941603] (-) TimerEvent: {}
[17.041863] (-) TimerEvent: {}
[17.142099] (-) TimerEvent: {}
[17.242341] (-) TimerEvent: {}
[17.342679] (-) TimerEvent: {}
[17.443018] (-) TimerEvent: {}
[17.543313] (-) TimerEvent: {}
[17.643617] (-) TimerEvent: {}
[17.743930] (-) TimerEvent: {}
[17.844259] (-) TimerEvent: {}
[17.944564] (-) TimerEvent: {}
[18.044866] (-) TimerEvent: {}
[18.145204] (-) TimerEvent: {}
[18.245527] (-) TimerEvent: {}
[18.345853] (-) TimerEvent: {}
[18.446271] (-) TimerEvent: {}
[18.546531] (-) TimerEvent: {}
[18.646797] (-) TimerEvent: {}
[18.747106] (-) TimerEvent: {}
[18.847383] (-) TimerEvent: {}
[18.947598] (-) TimerEvent: {}
[19.047859] (-) TimerEvent: {}
[19.148164] (-) TimerEvent: {}
[19.248445] (-) TimerEvent: {}
[19.348720] (-) TimerEvent: {}
[19.449173] (-) TimerEvent: {}
[19.549491] (-) TimerEvent: {}
[19.649812] (-) TimerEvent: {}
[19.750113] (-) TimerEvent: {}
[19.850526] (-) TimerEvent: {}
[19.950893] (-) TimerEvent: {}
[20.051193] (-) TimerEvent: {}
[20.151429] (-) TimerEvent: {}
[20.251746] (-) TimerEvent: {}
[20.352068] (-) TimerEvent: {}
[20.452410] (-) TimerEvent: {}
[20.552811] (-) TimerEvent: {}
[20.653215] (-) TimerEvent: {}
[20.753608] (-) TimerEvent: {}
[20.853978] (-) TimerEvent: {}
[20.954335] (-) TimerEvent: {}
[21.054654] (-) TimerEvent: {}
[21.154953] (-) TimerEvent: {}
[21.252836] (turtlebot3_gazebo) StdoutLine: {'line': b'[ 62%] \x1b[32m\x1b[1mLinking CXX executable turtlebot3_drive\x1b[0m\n'}
[21.255047] (-) TimerEvent: {}
[21.355321] (-) TimerEvent: {}
[21.455605] (-) TimerEvent: {}
[21.555904] (-) TimerEvent: {}
[21.656187] (-) TimerEvent: {}
[21.756502] (-) TimerEvent: {}
[21.856786] (-) TimerEvent: {}
[21.957006] (-) TimerEvent: {}
[22.057243] (-) TimerEvent: {}
[22.157507] (-) TimerEvent: {}
[22.257853] (-) TimerEvent: {}
[22.358169] (-) TimerEvent: {}
[22.458430] (-) TimerEvent: {}
[22.558688] (-) TimerEvent: {}
[22.659015] (-) TimerEvent: {}
[22.759356] (-) TimerEvent: {}
[22.859603] (-) TimerEvent: {}
[22.959868] (-) TimerEvent: {}
[23.060118] (-) TimerEvent: {}
[23.160394] (-) TimerEvent: {}
[23.260646] (-) TimerEvent: {}
[23.360890] (-) TimerEvent: {}
[23.461168] (-) TimerEvent: {}
[23.561476] (-) TimerEvent: {}
[23.661794] (-) TimerEvent: {}
[23.762040] (-) TimerEvent: {}
[23.862380] (-) TimerEvent: {}
[23.962697] (-) TimerEvent: {}
[24.062978] (-) TimerEvent: {}
[24.163306] (-) TimerEvent: {}
[24.263633] (-) TimerEvent: {}
[24.363935] (-) TimerEvent: {}
[24.464218] (-) TimerEvent: {}
[24.564504] (-) TimerEvent: {}
[24.664768] (-) TimerEvent: {}
[24.765035] (-) TimerEvent: {}
[24.865327] (-) TimerEvent: {}
[24.965619] (-) TimerEvent: {}
[24.971072] (turtlebot3_gazebo) StdoutLine: {'line': b'[ 62%] Built target turtlebot3_drive\n'}
[25.065720] (-) TimerEvent: {}
[25.166003] (-) TimerEvent: {}
[25.266346] (-) TimerEvent: {}
[25.366586] (-) TimerEvent: {}
[25.408752] (turtlebot3_gazebo) StdoutLine: {'line': b'[ 75%] \x1b[32m\x1b[1mLinking CXX shared library libobstacle2.so\x1b[0m\n'}
[25.410373] (turtlebot3_gazebo) StdoutLine: {'line': b'[ 87%] \x1b[32m\x1b[1mLinking CXX shared library libobstacles.so\x1b[0m\n'}
[25.411035] (turtlebot3_gazebo) StdoutLine: {'line': b'[100%] \x1b[32m\x1b[1mLinking CXX shared library libobstacle1.so\x1b[0m\n'}
[25.466763] (-) TimerEvent: {}
[25.567123] (-) TimerEvent: {}
[25.667427] (-) TimerEvent: {}
[25.767718] (-) TimerEvent: {}
[25.868139] (-) TimerEvent: {}
[25.968429] (-) TimerEvent: {}
[26.068755] (-) TimerEvent: {}
[26.169081] (-) TimerEvent: {}
[26.269312] (-) TimerEvent: {}
[26.369600] (-) TimerEvent: {}
[26.469946] (-) TimerEvent: {}
[26.570255] (-) TimerEvent: {}
[26.670598] (-) TimerEvent: {}
[26.770842] (-) TimerEvent: {}
[26.871047] (-) TimerEvent: {}
[26.971433] (-) TimerEvent: {}
[27.071662] (-) TimerEvent: {}
[27.172161] (-) TimerEvent: {}
[27.272449] (-) TimerEvent: {}
[27.372825] (-) TimerEvent: {}
[27.473162] (-) TimerEvent: {}
[27.573520] (-) TimerEvent: {}
[27.673831] (-) TimerEvent: {}
[27.774180] (-) TimerEvent: {}
[27.874390] (-) TimerEvent: {}
[27.974687] (-) TimerEvent: {}
[28.075083] (-) TimerEvent: {}
[28.175447] (-) TimerEvent: {}
[28.275683] (-) TimerEvent: {}
[28.376074] (-) TimerEvent: {}
[28.476470] (-) TimerEvent: {}
[28.576867] (-) TimerEvent: {}
[28.677160] (-) TimerEvent: {}
[28.777484] (-) TimerEvent: {}
[28.877869] (-) TimerEvent: {}
[28.978523] (-) TimerEvent: {}
[28.979917] (turtlebot3_gazebo) StdoutLine: {'line': b'[100%] Built target obstacle2\n'}
[28.980054] (turtlebot3_gazebo) StdoutLine: {'line': b'[100%] Built target obstacles\n'}
[28.980745] (turtlebot3_gazebo) StdoutLine: {'line': b'[100%] Built target obstacle1\n'}
[29.004576] (turtlebot3_gazebo) CommandEnded: {'returncode': 0}
[29.040116] (turtlebot3_gazebo) JobProgress: {'identifier': 'turtlebot3_gazebo', 'progress': 'install'}
[29.040414] (turtlebot3_gazebo) Command: {'cmd': ['/usr/bin/cmake', '--install', '/home/daniel/Multi-robot-Navigation/build/turtlebot3_gazebo'], 'cwd': '/home/daniel/Multi-robot-Navigation/build/turtlebot3_gazebo', 'env': OrderedDict([('LESSOPEN', '| /usr/bin/lesspipe %s'), ('LANGUAGE', 'en_IN:en'), ('USER', 'daniel'), ('ROS_PACKAGE_PATH', '/home/daniel/robots_ws/install/turtlebot3_fake/share'), ('XDG_SESSION_TYPE', 'x11'), ('SHLVL', '1'), ('LD_LIBRARY_PATH', '/usr/lib/x86_64-linux-gnu/gazebo-11/plugins:/opt/ros/humble/opt/rviz_ogre_vendor/lib:/opt/ros/humble/lib/x86_64-linux-gnu:/opt/ros/humble/lib'), ('HOME', '/home/daniel'), ('OLDPWD', '/home/daniel'), ('DESKTOP_SESSION', 'ubuntu'), ('ROS_PYTHON_VERSION', '3'), ('GNOME_SHELL_SESSION_MODE', 'ubuntu'), ('GTK_MODULES', 'gail:atk-bridge'), ('SYSTEMD_EXEC_PID', '5335'), ('DBUS_SESSION_BUS_ADDRESS', 'unix:path=/run/user/1000/bus'), ('COLORTERM', 'truecolor'), ('COLCON_PREFIX_PATH', '/home/daniel/CustomMultibot/install:/home/daniel/robots_ws/install:/home/daniel/dan_ws/install'), ('ROS_DISTRO', 'humble'), ('GTK_IM_MODULE', 'ibus'), ('LOGNAME', 'daniel'), ('_', '/usr/bin/colcon'), ('ROS_VERSION', '2'), ('PKG_CONFIG_PATH', '/home/daniel/robots_ws/install/turtlebot3_fake/lib/x86_64-linux-gnu/pkgconfig:/home/daniel/robots_ws/install/turtlebot3_fake/lib/pkgconfig'), ('XDG_SESSION_CLASS', 'user'), ('USERNAME', 'daniel'), ('TERM', 'xterm-256color'), ('GNOME_DESKTOP_SESSION_ID', 'this-is-deprecated'), ('ROS_LOCALHOST_ONLY', '30'), ('WINDOWPATH', '2'), ('PATH', '/opt/ros/humble/bin:/usr/local/sbin:/usr/local/bin:/usr/sbin:/usr/bin:/sbin:/bin:/usr/games:/usr/local/games:/snap/bin:/snap/bin:/usr/local/go/bin:/home/daniel/.spicetify'), ('SESSION_MANAGER', 'local/daniel-legion-5:@/tmp/.ICE-unix/3377,unix/daniel-legion-5:/tmp/.ICE-unix/3377'), ('XDG_MENU_PREFIX', 'gnome-'), ('GNOME_TERMINAL_SCREEN', '/org/gnome/Terminal/screen/1fad61a9_d142_4812_b808_1685e103ca42'), ('XDG_RUNTIME_DIR', '/run/user/1000'), ('DISPLAY', ':1'), ('LANG', 'en_US.UTF-8'), ('XDG_CURRENT_DESKTOP', 'ubuntu:GNOME'), ('XMODIFIERS', '@im=ibus'), ('XDG_SESSION_DESKTOP', 'ubuntu'), ('XAUTHORITY', '/run/user/1000/gdm/Xauthority'), ('LS_COLORS', 'rs=0:di=01;34:ln=01;36:mh=00:pi=40;33:so=01;35:do=01;35:bd=40;33;01:cd=40;33;01:or=40;31;01:mi=00:su=37;41:sg=30;43:ca=30;41:tw=30;42:ow=34;42:st=37;44:ex=01;32:*.tar=01;31:*.tgz=01;31:*.arc=01;31:*.arj=01;31:*.taz=01;31:*.lha=01;31:*.lz4=01;31:*.lzh=01;31:*.lzma=01;31:*.tlz=01;31:*.txz=01;31:*.tzo=01;31:*.t7z=01;31:*.zip=01;31:*.z=01;31:*.dz=01;31:*.gz=01;31:*.lrz=01;31:*.lz=01;31:*.lzo=01;31:*.xz=01;31:*.zst=01;31:*.tzst=01;31:*.bz2=01;31:*.bz=01;31:*.tbz=01;31:*.tbz2=01;31:*.tz=01;31:*.deb=01;31:*.rpm=01;31:*.jar=01;31:*.war=01;31:*.ear=01;31:*.sar=01;31:*.rar=01;31:*.alz=01;31:*.ace=01;31:*.zoo=01;31:*.cpio=01;31:*.7z=01;31:*.rz=01;31:*.cab=01;31:*.wim=01;31:*.swm=01;31:*.dwm=01;31:*.esd=01;31:*.jpg=01;35:*.jpeg=01;35:*.mjpg=01;35:*.mjpeg=01;35:*.gif=01;35:*.bmp=01;35:*.pbm=01;35:*.pgm=01;35:*.ppm=01;35:*.tga=01;35:*.xbm=01;35:*.xpm=01;35:*.tif=01;35:*.tiff=01;35:*.png=01;35:*.svg=01;35:*.svgz=01;35:*.mng=01;35:*.pcx=01;35:*.mov=01;35:*.mpg=01;35:*.mpeg=01;35:*.m2v=01;35:*.mkv=01;35:*.webm=01;35:*.webp=01;35:*.ogm=01;35:*.mp4=01;35:*.m4v=01;35:*.mp4v=01;35:*.vob=01;35:*.qt=01;35:*.nuv=01;35:*.wmv=01;35:*.asf=01;35:*.rm=01;35:*.rmvb=01;35:*.flc=01;35:*.avi=01;35:*.fli=01;35:*.flv=01;35:*.gl=01;35:*.dl=01;35:*.xcf=01;35:*.xwd=01;35:*.yuv=01;35:*.cgm=01;35:*.emf=01;35:*.ogv=01;35:*.ogx=01;35:*.aac=00;36:*.au=00;36:*.flac=00;36:*.m4a=00;36:*.mid=00;36:*.midi=00;36:*.mka=00;36:*.mp3=00;36:*.mpc=00;36:*.ogg=00;36:*.ra=00;36:*.wav=00;36:*.oga=00;36:*.opus=00;36:*.spx=00;36:*.xspf=00;36:'), ('GNOME_TERMINAL_SERVICE', ':1.91'), ('SSH_AGENT_LAUNCHER', 'gnome-keyring'), ('SSH_AUTH_SOCK', '/run/user/1000/keyring/ssh'), ('AMENT_PREFIX_PATH', '/home/daniel/CustomMultibot/install/turtlebot3_simulations:/home/daniel/CustomMultibot/install/turtlebot3_gazebo:/home/daniel/CustomMultibot/install/nav2_bringup:/home/daniel/CustomMultibot/install/follow_waypoints:/home/daniel/robots_ws/install/turtlebot3_simulations:/home/daniel/robots_ws/install/turtlebot3_gazebo:/home/daniel/robots_ws/install/turtlebot3_fake_node:/home/daniel/robots_ws/install/multi_robot_rosbot:/home/daniel/robots_ws/install/articubot_one:/home/daniel/dan_ws/install/follow_waypoint:/home/daniel/dan_ws/install/articubot_one:/opt/ros/humble'), ('SHELL', '/bin/bash'), ('QT_ACCESSIBILITY', '1'), ('GDMSESSION', 'ubuntu'), ('LESSCLOSE', '/usr/bin/lesspipe %s %s'), ('GPG_AGENT_INFO', '/run/user/1000/gnupg/S.gpg-agent:0:1'), ('QT_IM_MODULE', 'ibus'), ('PWD', '/home/daniel/Multi-robot-Navigation/build/turtlebot3_gazebo'), ('TURTLEBOT3_MODEL', 'waffle'), ('LC_ALL', 'en_US.UTF-8'), ('XDG_CONFIG_DIRS', '/etc/xdg/xdg-ubuntu:/etc/xdg'), ('XDG_DATA_DIRS', '/usr/share/ubuntu:/usr/share/gnome:/usr/local/share/:/usr/share/:/var/lib/snapd/desktop'), ('PYTHONPATH', '/home/daniel/CustomMultibot/build/follow_waypoints:/home/daniel/CustomMultibot/install/follow_waypoints/lib/python3.10/site-packages:/home/daniel/dan_ws/install/follow_waypoint/lib/python3.10/site-packages:/opt/ros/humble/lib/python3.10/site-packages:/opt/ros/humble/local/lib/python3.10/dist-packages'), ('COLCON', '1'), ('VTE_VERSION', '6800'), ('CMAKE_PREFIX_PATH', '/home/daniel/CustomMultibot/install/turtlebot3_simulations:/home/daniel/CustomMultibot/install/turtlebot3_gazebo:/home/daniel/CustomMultibot/install/nav2_bringup:/home/daniel/robots_ws/install/turtlebot3_simulations:/home/daniel/CustomMultibot/install/follow_waypoints:/home/daniel/dan_ws/install/follow_waypoint:/opt/ros/humble:/home/daniel/robots_ws/install/turtlebot3_gazebo:/home/daniel/robots_ws/install/turtlebot3_fake_node:/home/daniel/robots_ws/install/multi_robot_rosbot:/home/daniel/robots_ws/install/articubot_one:/home/daniel/dan_ws/install/articubot_one')]), 'shell': False}
[29.045968] (turtlebot3_gazebo) StdoutLine: {'line': b'-- Install configuration: ""\n'}
[29.046312] (turtlebot3_gazebo) StdoutLine: {'line': b'-- Execute custom install script\n'}
[29.046573] (turtlebot3_gazebo) StdoutLine: {'line': b'-- Symlinking: /home/daniel/Multi-robot-Navigation/install/turtlebot3_gazebo/lib/turtlebot3_gazebo/turtlebot3_drive\n'}
[29.078737] (-) TimerEvent: {}
[29.135758] (turtlebot3_gazebo) StdoutLine: {'line': b'-- Symlinking: /home/daniel/Multi-robot-Navigation/install/turtlebot3_gazebo/share/turtlebot3_gazebo//launch/empty_world.launch.py\n'}
[29.141812] (turtlebot3_gazebo) StdoutLine: {'line': b'-- Symlinking: /home/daniel/Multi-robot-Navigation/install/turtlebot3_gazebo/share/turtlebot3_gazebo//launch/initial_pose.py\n'}
[29.147509] (turtlebot3_gazebo) StdoutLine: {'line': b'-- Symlinking: /home/daniel/Multi-robot-Navigation/install/turtlebot3_gazebo/share/turtlebot3_gazebo//launch/robot_state_publisher.launch.py\n'}
[29.153394] (turtlebot3_gazebo) StdoutLine: {'line': b'-- Symlinking: /home/daniel/Multi-robot-Navigation/install/turtlebot3_gazebo/share/turtlebot3_gazebo//launch/spawn_turtlebot3.launch.py\n'}
[29.159149] (turtlebot3_gazebo) StdoutLine: {'line': b'-- Symlinking: /home/daniel/Multi-robot-Navigation/install/turtlebot3_gazebo/share/turtlebot3_gazebo//launch/turtlebot3_dqn_stage1.launch.py\n'}
[29.164790] (turtlebot3_gazebo) StdoutLine: {'line': b'-- Symlinking: /home/daniel/Multi-robot-Navigation/install/turtlebot3_gazebo/share/turtlebot3_gazebo//launch/turtlebot3_dqn_stage2.launch.py\n'}
[29.170761] (turtlebot3_gazebo) StdoutLine: {'line': b'-- Symlinking: /home/daniel/Multi-robot-Navigation/install/turtlebot3_gazebo/share/turtlebot3_gazebo//launch/turtlebot3_dqn_stage3.launch.py\n'}
[29.176484] (turtlebot3_gazebo) StdoutLine: {'line': b'-- Symlinking: /home/daniel/Multi-robot-Navigation/install/turtlebot3_gazebo/share/turtlebot3_gazebo//launch/turtlebot3_dqn_stage4.launch.py\n'}
[29.178765] (-) TimerEvent: {}
[29.182371] (turtlebot3_gazebo) StdoutLine: {'line': b'-- Symlinking: /home/daniel/Multi-robot-Navigation/install/turtlebot3_gazebo/share/turtlebot3_gazebo//launch/turtlebot3_house.launch.py\n'}
[29.188563] (turtlebot3_gazebo) StdoutLine: {'line': b'-- Symlinking: /home/daniel/Multi-robot-Navigation/install/turtlebot3_gazebo/share/turtlebot3_gazebo//launch/turtlebot3_world.launch.py\n'}
[29.194488] (turtlebot3_gazebo) StdoutLine: {'line': b'-- Symlinking: /home/daniel/Multi-robot-Navigation/install/turtlebot3_gazebo/share/turtlebot3_gazebo//launch/warehouse_world.launch.py\n'}
[29.206205] (turtlebot3_gazebo) StdoutLine: {'line': b'-- Symlinking: /home/daniel/Multi-robot-Navigation/install/turtlebot3_gazebo/share/turtlebot3_gazebo//models/turtlebot3_burger/model-1_4.sdf\n'}
[29.212229] (turtlebot3_gazebo) StdoutLine: {'line': b'-- Symlinking: /home/daniel/Multi-robot-Navigation/install/turtlebot3_gazebo/share/turtlebot3_gazebo//models/turtlebot3_burger/model.config\n'}
[29.218173] (turtlebot3_gazebo) StdoutLine: {'line': b'-- Symlinking: /home/daniel/Multi-robot-Navigation/install/turtlebot3_gazebo/share/turtlebot3_gazebo//models/turtlebot3_burger/model.sdf\n'}
[29.224422] (turtlebot3_gazebo) StdoutLine: {'line': b'-- Symlinking: /home/daniel/Multi-robot-Navigation/install/turtlebot3_gazebo/share/turtlebot3_gazebo//models/turtlebot3_common/meshes/burger_base.dae\n'}
[29.230196] (turtlebot3_gazebo) StdoutLine: {'line': b'-- Symlinking: /home/daniel/Multi-robot-Navigation/install/turtlebot3_gazebo/share/turtlebot3_gazebo//models/turtlebot3_common/meshes/lds.dae\n'}
[29.236044] (turtlebot3_gazebo) StdoutLine: {'line': b'-- Symlinking: /home/daniel/Multi-robot-Navigation/install/turtlebot3_gazebo/share/turtlebot3_gazebo//models/turtlebot3_common/meshes/r200.dae\n'}
[29.242216] (turtlebot3_gazebo) StdoutLine: {'line': b'-- Symlinking: /home/daniel/Multi-robot-Navigation/install/turtlebot3_gazebo/share/turtlebot3_gazebo//models/turtlebot3_common/meshes/tire.dae\n'}
[29.248052] (turtlebot3_gazebo) StdoutLine: {'line': b'-- Symlinking: /home/daniel/Multi-robot-Navigation/install/turtlebot3_gazebo/share/turtlebot3_gazebo//models/turtlebot3_common/meshes/waffle_base.dae\n'}
[29.254089] (turtlebot3_gazebo) StdoutLine: {'line': b'-- Symlinking: /home/daniel/Multi-robot-Navigation/install/turtlebot3_gazebo/share/turtlebot3_gazebo//models/turtlebot3_common/meshes/waffle_pi_base.dae\n'}
[29.260149] (turtlebot3_gazebo) StdoutLine: {'line': b'-- Symlinking: /home/daniel/Multi-robot-Navigation/install/turtlebot3_gazebo/share/turtlebot3_gazebo//models/turtlebot3_common/model.config\n'}
[29.266029] (turtlebot3_gazebo) StdoutLine: {'line': b'-- Symlinking: /home/daniel/Multi-robot-Navigation/install/turtlebot3_gazebo/share/turtlebot3_gazebo//models/turtlebot3_dqn_world/goal_box/model.config\n'}
[29.271711] (turtlebot3_gazebo) StdoutLine: {'line': b'-- Symlinking: /home/daniel/Multi-robot-Navigation/install/turtlebot3_gazebo/share/turtlebot3_gazebo//models/turtlebot3_dqn_world/goal_box/model.sdf\n'}
[29.277846] (turtlebot3_gazebo) StdoutLine: {'line': b'-- Symlinking: /home/daniel/Multi-robot-Navigation/install/turtlebot3_gazebo/share/turtlebot3_gazebo//models/turtlebot3_dqn_world/inner_walls/model.config\n'}
[29.278832] (-) TimerEvent: {}
[29.283617] (turtlebot3_gazebo) StdoutLine: {'line': b'-- Symlinking: /home/daniel/Multi-robot-Navigation/install/turtlebot3_gazebo/share/turtlebot3_gazebo//models/turtlebot3_dqn_world/inner_walls/model.sdf\n'}
[29.289926] (turtlebot3_gazebo) StdoutLine: {'line': b'-- Symlinking: /home/daniel/Multi-robot-Navigation/install/turtlebot3_gazebo/share/turtlebot3_gazebo//models/turtlebot3_dqn_world/model.config\n'}
[29.295718] (turtlebot3_gazebo) StdoutLine: {'line': b'-- Symlinking: /home/daniel/Multi-robot-Navigation/install/turtlebot3_gazebo/share/turtlebot3_gazebo//models/turtlebot3_dqn_world/model.sdf\n'}
[29.301856] (turtlebot3_gazebo) StdoutLine: {'line': b'-- Symlinking: /home/daniel/Multi-robot-Navigation/install/turtlebot3_gazebo/share/turtlebot3_gazebo//models/turtlebot3_dqn_world/obstacle1/model.config\n'}
[29.307590] (turtlebot3_gazebo) StdoutLine: {'line': b'-- Symlinking: /home/daniel/Multi-robot-Navigation/install/turtlebot3_gazebo/share/turtlebot3_gazebo//models/turtlebot3_dqn_world/obstacle1/model.sdf\n'}
[29.315269] (turtlebot3_gazebo) StdoutLine: {'line': b'-- Symlinking: /home/daniel/Multi-robot-Navigation/install/turtlebot3_gazebo/share/turtlebot3_gazebo//models/turtlebot3_dqn_world/obstacle2/model.config\n'}
[29.321363] (turtlebot3_gazebo) StdoutLine: {'line': b'-- Symlinking: /home/daniel/Multi-robot-Navigation/install/turtlebot3_gazebo/share/turtlebot3_gazebo//models/turtlebot3_dqn_world/obstacle2/model.sdf\n'}
[29.327697] (turtlebot3_gazebo) StdoutLine: {'line': b'-- Symlinking: /home/daniel/Multi-robot-Navigation/install/turtlebot3_gazebo/share/turtlebot3_gazebo//models/turtlebot3_dqn_world/obstacle_plugin/CMakeLists.txt\n'}
[29.333615] (turtlebot3_gazebo) StdoutLine: {'line': b'-- Symlinking: /home/daniel/Multi-robot-Navigation/install/turtlebot3_gazebo/share/turtlebot3_gazebo//models/turtlebot3_dqn_world/obstacle_plugin/obstacle1.cc\n'}
[29.339813] (turtlebot3_gazebo) StdoutLine: {'line': b'-- Symlinking: /home/daniel/Multi-robot-Navigation/install/turtlebot3_gazebo/share/turtlebot3_gazebo//models/turtlebot3_dqn_world/obstacle_plugin/obstacle2.cc\n'}
[29.346165] (turtlebot3_gazebo) StdoutLine: {'line': b'-- Symlinking: /home/daniel/Multi-robot-Navigation/install/turtlebot3_gazebo/share/turtlebot3_gazebo//models/turtlebot3_dqn_world/obstacle_plugin/obstacles.cc\n'}
[29.351860] (turtlebot3_gazebo) StdoutLine: {'line': b'-- Symlinking: /home/daniel/Multi-robot-Navigation/install/turtlebot3_gazebo/share/turtlebot3_gazebo//models/turtlebot3_dqn_world/obstacles/model.config\n'}
[29.358011] (turtlebot3_gazebo) StdoutLine: {'line': b'-- Symlinking: /home/daniel/Multi-robot-Navigation/install/turtlebot3_gazebo/share/turtlebot3_gazebo//models/turtlebot3_dqn_world/obstacles/model.sdf\n'}
[29.363766] (turtlebot3_gazebo) StdoutLine: {'line': b'-- Symlinking: /home/daniel/Multi-robot-Navigation/install/turtlebot3_gazebo/share/turtlebot3_gazebo//models/turtlebot3_house/model.config\n'}
[29.369541] (turtlebot3_gazebo) StdoutLine: {'line': b'-- Symlinking: /home/daniel/Multi-robot-Navigation/install/turtlebot3_gazebo/share/turtlebot3_gazebo//models/turtlebot3_house/model.sdf\n'}
[29.375449] (turtlebot3_gazebo) StdoutLine: {'line': b'-- Symlinking: /home/daniel/Multi-robot-Navigation/install/turtlebot3_gazebo/share/turtlebot3_gazebo//models/turtlebot3_waffle/model-1_4.sdf\n'}
[29.378910] (-) TimerEvent: {}
[29.381447] (turtlebot3_gazebo) StdoutLine: {'line': b'-- Symlinking: /home/daniel/Multi-robot-Navigation/install/turtlebot3_gazebo/share/turtlebot3_gazebo//models/turtlebot3_waffle/model.config\n'}
[29.388779] (turtlebot3_gazebo) StdoutLine: {'line': b'-- Symlinking: /home/daniel/Multi-robot-Navigation/install/turtlebot3_gazebo/share/turtlebot3_gazebo//models/turtlebot3_waffle/model.sdf\n'}
[29.395704] (turtlebot3_gazebo) StdoutLine: {'line': b'-- Symlinking: /home/daniel/Multi-robot-Navigation/install/turtlebot3_gazebo/share/turtlebot3_gazebo//models/turtlebot3_waffle_pi/model-1_4_.sdf\n'}
[29.402319] (turtlebot3_gazebo) StdoutLine: {'line': b'-- Symlinking: /home/daniel/Multi-robot-Navigation/install/turtlebot3_gazebo/share/turtlebot3_gazebo//models/turtlebot3_waffle_pi/model.config\n'}
[29.408323] (turtlebot3_gazebo) StdoutLine: {'line': b'-- Symlinking: /home/daniel/Multi-robot-Navigation/install/turtlebot3_gazebo/share/turtlebot3_gazebo//models/turtlebot3_waffle_pi/model.sdf\n'}
[29.414560] (turtlebot3_gazebo) StdoutLine: {'line': b'-- Symlinking: /home/daniel/Multi-robot-Navigation/install/turtlebot3_gazebo/share/turtlebot3_gazebo//models/turtlebot3_world/meshes/hexagon.dae\n'}
[29.420515] (turtlebot3_gazebo) StdoutLine: {'line': b'-- Symlinking: /home/daniel/Multi-robot-Navigation/install/turtlebot3_gazebo/share/turtlebot3_gazebo//models/turtlebot3_world/meshes/wall.dae\n'}
[29.426741] (turtlebot3_gazebo) StdoutLine: {'line': b'-- Symlinking: /home/daniel/Multi-robot-Navigation/install/turtlebot3_gazebo/share/turtlebot3_gazebo//models/turtlebot3_world/model-1_4.sdf\n'}
[29.432735] (turtlebot3_gazebo) StdoutLine: {'line': b'-- Symlinking: /home/daniel/Multi-robot-Navigation/install/turtlebot3_gazebo/share/turtlebot3_gazebo//models/turtlebot3_world/model.config\n'}
[29.438791] (turtlebot3_gazebo) StdoutLine: {'line': b'-- Symlinking: /home/daniel/Multi-robot-Navigation/install/turtlebot3_gazebo/share/turtlebot3_gazebo//models/turtlebot3_world/model.sdf\n'}
[29.479042] (-) TimerEvent: {}
[29.503103] (turtlebot3_gazebo) StdoutLine: {'line': b'-- Symlinking: /home/daniel/Multi-robot-Navigation/install/turtlebot3_gazebo/share/turtlebot3_gazebo//rviz/tb3_gazebo.rviz\n'}
[29.509334] (turtlebot3_gazebo) StdoutLine: {'line': b'-- Symlinking: /home/daniel/Multi-robot-Navigation/install/turtlebot3_gazebo/share/turtlebot3_gazebo//urdf/common_properties.urdf\n'}
[29.515281] (turtlebot3_gazebo) StdoutLine: {'line': b'-- Symlinking: /home/daniel/Multi-robot-Navigation/install/turtlebot3_gazebo/share/turtlebot3_gazebo//urdf/turtlebot3_burger.urdf\n'}
[29.520947] (turtlebot3_gazebo) StdoutLine: {'line': b'-- Symlinking: /home/daniel/Multi-robot-Navigation/install/turtlebot3_gazebo/share/turtlebot3_gazebo//urdf/turtlebot3_waffle.urdf\n'}
[29.526661] (turtlebot3_gazebo) StdoutLine: {'line': b'-- Symlinking: /home/daniel/Multi-robot-Navigation/install/turtlebot3_gazebo/share/turtlebot3_gazebo//urdf/turtlebot3_waffle_pi.urdf\n'}
[29.569592] (turtlebot3_gazebo) StdoutLine: {'line': b'-- Symlinking: /home/daniel/Multi-robot-Navigation/install/turtlebot3_gazebo/share/turtlebot3_gazebo//worlds/empty_world.world\n'}
[29.575567] (turtlebot3_gazebo) StdoutLine: {'line': b'-- Symlinking: /home/daniel/Multi-robot-Navigation/install/turtlebot3_gazebo/share/turtlebot3_gazebo//worlds/turtlebot3_dqn_stage1.world\n'}
[29.579127] (-) TimerEvent: {}
[29.581459] (turtlebot3_gazebo) StdoutLine: {'line': b'-- Symlinking: /home/daniel/Multi-robot-Navigation/install/turtlebot3_gazebo/share/turtlebot3_gazebo//worlds/turtlebot3_dqn_stage2.world\n'}
[29.587511] (turtlebot3_gazebo) StdoutLine: {'line': b'-- Symlinking: /home/daniel/Multi-robot-Navigation/install/turtlebot3_gazebo/share/turtlebot3_gazebo//worlds/turtlebot3_dqn_stage3.world\n'}
[29.593425] (turtlebot3_gazebo) StdoutLine: {'line': b'-- Symlinking: /home/daniel/Multi-robot-Navigation/install/turtlebot3_gazebo/share/turtlebot3_gazebo//worlds/turtlebot3_dqn_stage4.world\n'}
[29.599163] (turtlebot3_gazebo) StdoutLine: {'line': b'-- Symlinking: /home/daniel/Multi-robot-Navigation/install/turtlebot3_gazebo/share/turtlebot3_gazebo//worlds/turtlebot3_house.world\n'}
[29.604725] (turtlebot3_gazebo) StdoutLine: {'line': b'-- Symlinking: /home/daniel/Multi-robot-Navigation/install/turtlebot3_gazebo/share/turtlebot3_gazebo//worlds/turtlebot3_world.world\n'}
[29.610539] (turtlebot3_gazebo) StdoutLine: {'line': b'-- Symlinking: /home/daniel/Multi-robot-Navigation/install/turtlebot3_gazebo/share/turtlebot3_gazebo//worlds/warehouse.world\n'}
[29.616914] (turtlebot3_gazebo) StdoutLine: {'line': b'-- Symlinking: /home/daniel/Multi-robot-Navigation/install/turtlebot3_gazebo/include//turtlebot3_gazebo/turtlebot3_drive.hpp\n'}
[29.622930] (turtlebot3_gazebo) StdoutLine: {'line': b'-- Symlinking: /home/daniel/Multi-robot-Navigation/install/turtlebot3_gazebo/share/ament_index/resource_index/package_run_dependencies/turtlebot3_gazebo\n'}
[29.628750] (turtlebot3_gazebo) StdoutLine: {'line': b'-- Symlinking: /home/daniel/Multi-robot-Navigation/install/turtlebot3_gazebo/share/ament_index/resource_index/parent_prefix_path/turtlebot3_gazebo\n'}
[29.634934] (turtlebot3_gazebo) StdoutLine: {'line': b'-- Symlinking: /home/daniel/Multi-robot-Navigation/install/turtlebot3_gazebo/share/turtlebot3_gazebo/environment/ament_prefix_path.sh\n'}
[29.640913] (turtlebot3_gazebo) StdoutLine: {'line': b'-- Symlinking: /home/daniel/Multi-robot-Navigation/install/turtlebot3_gazebo/share/turtlebot3_gazebo/environment/ament_prefix_path.dsv\n'}
[29.647186] (turtlebot3_gazebo) StdoutLine: {'line': b'-- Symlinking: /home/daniel/Multi-robot-Navigation/install/turtlebot3_gazebo/share/turtlebot3_gazebo/environment/path.sh\n'}
[29.653373] (turtlebot3_gazebo) StdoutLine: {'line': b'-- Symlinking: /home/daniel/Multi-robot-Navigation/install/turtlebot3_gazebo/share/turtlebot3_gazebo/environment/path.dsv\n'}
[29.659190] (turtlebot3_gazebo) StdoutLine: {'line': b'-- Symlinking: /home/daniel/Multi-robot-Navigation/install/turtlebot3_gazebo/share/turtlebot3_gazebo/local_setup.bash\n'}
[29.665391] (turtlebot3_gazebo) StdoutLine: {'line': b'-- Symlinking: /home/daniel/Multi-robot-Navigation/install/turtlebot3_gazebo/share/turtlebot3_gazebo/local_setup.sh\n'}
[29.671218] (turtlebot3_gazebo) StdoutLine: {'line': b'-- Symlinking: /home/daniel/Multi-robot-Navigation/install/turtlebot3_gazebo/share/turtlebot3_gazebo/local_setup.zsh\n'}
[29.676919] (turtlebot3_gazebo) StdoutLine: {'line': b'-- Symlinking: /home/daniel/Multi-robot-Navigation/install/turtlebot3_gazebo/share/turtlebot3_gazebo/local_setup.dsv\n'}
[29.679192] (-) TimerEvent: {}
[29.683144] (turtlebot3_gazebo) StdoutLine: {'line': b'-- Symlinking: /home/daniel/Multi-robot-Navigation/install/turtlebot3_gazebo/share/turtlebot3_gazebo/package.dsv\n'}
[29.689736] (turtlebot3_gazebo) StdoutLine: {'line': b'-- Symlinking: /home/daniel/Multi-robot-Navigation/install/turtlebot3_gazebo/share/ament_index/resource_index/packages/turtlebot3_gazebo\n'}
[29.695620] (turtlebot3_gazebo) StdoutLine: {'line': b'-- Symlinking: /home/daniel/Multi-robot-Navigation/install/turtlebot3_gazebo/share/turtlebot3_gazebo/cmake/ament_cmake_export_include_directories-extras.cmake\n'}
[29.701494] (turtlebot3_gazebo) StdoutLine: {'line': b'-- Symlinking: /home/daniel/Multi-robot-Navigation/install/turtlebot3_gazebo/share/turtlebot3_gazebo/cmake/ament_cmake_export_dependencies-extras.cmake\n'}
[29.707531] (turtlebot3_gazebo) StdoutLine: {'line': b'-- Symlinking: /home/daniel/Multi-robot-Navigation/install/turtlebot3_gazebo/share/turtlebot3_gazebo/cmake/turtlebot3_gazeboConfig.cmake\n'}
[29.713401] (turtlebot3_gazebo) StdoutLine: {'line': b'-- Symlinking: /home/daniel/Multi-robot-Navigation/install/turtlebot3_gazebo/share/turtlebot3_gazebo/cmake/turtlebot3_gazeboConfig-version.cmake\n'}
[29.719266] (turtlebot3_gazebo) StdoutLine: {'line': b'-- Symlinking: /home/daniel/Multi-robot-Navigation/install/turtlebot3_gazebo/share/turtlebot3_gazebo/package.xml\n'}
[29.726407] (turtlebot3_gazebo) CommandEnded: {'returncode': 0}
[29.779354] (-) TimerEvent: {}
[29.875415] (turtlebot3_gazebo) JobEnded: {'identifier': 'turtlebot3_gazebo', 'rc': 0}
[29.876133] (turtlebot3_simulations) JobStarted: {'identifier': 'turtlebot3_simulations'}
[29.879394] (-) TimerEvent: {}
[29.979605] (-) TimerEvent: {}
[30.079922] (-) TimerEvent: {}
[30.180211] (-) TimerEvent: {}
[30.235643] (turtlebot3_simulations) JobProgress: {'identifier': 'turtlebot3_simulations', 'progress': 'cmake'}
[30.235829] (turtlebot3_simulations) Command: {'cmd': ['/usr/bin/cmake', '/home/daniel/Multi-robot-Navigation/src/turtlebot3_simulations', '-DAMENT_CMAKE_SYMLINK_INSTALL=1', '-DCMAKE_INSTALL_PREFIX=/home/daniel/Multi-robot-Navigation/install/turtlebot3_simulations'], 'cwd': '/home/daniel/Multi-robot-Navigation/build/turtlebot3_simulations', 'env': OrderedDict([('LESSOPEN', '| /usr/bin/lesspipe %s'), ('LANGUAGE', 'en_IN:en'), ('USER', 'daniel'), ('ROS_PACKAGE_PATH', '/home/daniel/robots_ws/install/turtlebot3_fake/share'), ('XDG_SESSION_TYPE', 'x11'), ('SHLVL', '1'), ('LD_LIBRARY_PATH', '/usr/lib/x86_64-linux-gnu/gazebo-11/plugins:/opt/ros/humble/opt/rviz_ogre_vendor/lib:/opt/ros/humble/lib/x86_64-linux-gnu:/opt/ros/humble/lib'), ('HOME', '/home/daniel'), ('OLDPWD', '/home/daniel'), ('DESKTOP_SESSION', 'ubuntu'), ('ROS_PYTHON_VERSION', '3'), ('GNOME_SHELL_SESSION_MODE', 'ubuntu'), ('GTK_MODULES', 'gail:atk-bridge'), ('SYSTEMD_EXEC_PID', '5335'), ('DBUS_SESSION_BUS_ADDRESS', 'unix:path=/run/user/1000/bus'), ('COLORTERM', 'truecolor'), ('COLCON_PREFIX_PATH', '/home/daniel/CustomMultibot/install:/home/daniel/robots_ws/install:/home/daniel/dan_ws/install'), ('ROS_DISTRO', 'humble'), ('GTK_IM_MODULE', 'ibus'), ('LOGNAME', 'daniel'), ('_', '/usr/bin/colcon'), ('ROS_VERSION', '2'), ('PKG_CONFIG_PATH', '/home/daniel/robots_ws/install/turtlebot3_fake/lib/x86_64-linux-gnu/pkgconfig:/home/daniel/robots_ws/install/turtlebot3_fake/lib/pkgconfig'), ('XDG_SESSION_CLASS', 'user'), ('USERNAME', 'daniel'), ('TERM', 'xterm-256color'), ('GNOME_DESKTOP_SESSION_ID', 'this-is-deprecated'), ('ROS_LOCALHOST_ONLY', '30'), ('WINDOWPATH', '2'), ('PATH', '/opt/ros/humble/bin:/usr/local/sbin:/usr/local/bin:/usr/sbin:/usr/bin:/sbin:/bin:/usr/games:/usr/local/games:/snap/bin:/snap/bin:/usr/local/go/bin:/home/daniel/.spicetify'), ('SESSION_MANAGER', 'local/daniel-legion-5:@/tmp/.ICE-unix/3377,unix/daniel-legion-5:/tmp/.ICE-unix/3377'), ('XDG_MENU_PREFIX', 'gnome-'), ('GNOME_TERMINAL_SCREEN', '/org/gnome/Terminal/screen/1fad61a9_d142_4812_b808_1685e103ca42'), ('XDG_RUNTIME_DIR', '/run/user/1000'), ('DISPLAY', ':1'), ('LANG', 'en_US.UTF-8'), ('XDG_CURRENT_DESKTOP', 'ubuntu:GNOME'), ('XMODIFIERS', '@im=ibus'), ('XDG_SESSION_DESKTOP', 'ubuntu'), ('XAUTHORITY', '/run/user/1000/gdm/Xauthority'), ('LS_COLORS', 'rs=0:di=01;34:ln=01;36:mh=00:pi=40;33:so=01;35:do=01;35:bd=40;33;01:cd=40;33;01:or=40;31;01:mi=00:su=37;41:sg=30;43:ca=30;41:tw=30;42:ow=34;42:st=37;44:ex=01;32:*.tar=01;31:*.tgz=01;31:*.arc=01;31:*.arj=01;31:*.taz=01;31:*.lha=01;31:*.lz4=01;31:*.lzh=01;31:*.lzma=01;31:*.tlz=01;31:*.txz=01;31:*.tzo=01;31:*.t7z=01;31:*.zip=01;31:*.z=01;31:*.dz=01;31:*.gz=01;31:*.lrz=01;31:*.lz=01;31:*.lzo=01;31:*.xz=01;31:*.zst=01;31:*.tzst=01;31:*.bz2=01;31:*.bz=01;31:*.tbz=01;31:*.tbz2=01;31:*.tz=01;31:*.deb=01;31:*.rpm=01;31:*.jar=01;31:*.war=01;31:*.ear=01;31:*.sar=01;31:*.rar=01;31:*.alz=01;31:*.ace=01;31:*.zoo=01;31:*.cpio=01;31:*.7z=01;31:*.rz=01;31:*.cab=01;31:*.wim=01;31:*.swm=01;31:*.dwm=01;31:*.esd=01;31:*.jpg=01;35:*.jpeg=01;35:*.mjpg=01;35:*.mjpeg=01;35:*.gif=01;35:*.bmp=01;35:*.pbm=01;35:*.pgm=01;35:*.ppm=01;35:*.tga=01;35:*.xbm=01;35:*.xpm=01;35:*.tif=01;35:*.tiff=01;35:*.png=01;35:*.svg=01;35:*.svgz=01;35:*.mng=01;35:*.pcx=01;35:*.mov=01;35:*.mpg=01;35:*.mpeg=01;35:*.m2v=01;35:*.mkv=01;35:*.webm=01;35:*.webp=01;35:*.ogm=01;35:*.mp4=01;35:*.m4v=01;35:*.mp4v=01;35:*.vob=01;35:*.qt=01;35:*.nuv=01;35:*.wmv=01;35:*.asf=01;35:*.rm=01;35:*.rmvb=01;35:*.flc=01;35:*.avi=01;35:*.fli=01;35:*.flv=01;35:*.gl=01;35:*.dl=01;35:*.xcf=01;35:*.xwd=01;35:*.yuv=01;35:*.cgm=01;35:*.emf=01;35:*.ogv=01;35:*.ogx=01;35:*.aac=00;36:*.au=00;36:*.flac=00;36:*.m4a=00;36:*.mid=00;36:*.midi=00;36:*.mka=00;36:*.mp3=00;36:*.mpc=00;36:*.ogg=00;36:*.ra=00;36:*.wav=00;36:*.oga=00;36:*.opus=00;36:*.spx=00;36:*.xspf=00;36:'), ('GNOME_TERMINAL_SERVICE', ':1.91'), ('SSH_AGENT_LAUNCHER', 'gnome-keyring'), ('SSH_AUTH_SOCK', '/run/user/1000/keyring/ssh'), ('AMENT_PREFIX_PATH', '/home/daniel/Multi-robot-Navigation/install/turtlebot3_gazebo:/home/daniel/CustomMultibot/install/turtlebot3_simulations:/home/daniel/CustomMultibot/install/turtlebot3_gazebo:/home/daniel/CustomMultibot/install/nav2_bringup:/home/daniel/CustomMultibot/install/follow_waypoints:/home/daniel/robots_ws/install/turtlebot3_simulations:/home/daniel/robots_ws/install/turtlebot3_gazebo:/home/daniel/robots_ws/install/turtlebot3_fake_node:/home/daniel/robots_ws/install/multi_robot_rosbot:/home/daniel/robots_ws/install/articubot_one:/home/daniel/dan_ws/install/follow_waypoint:/home/daniel/dan_ws/install/articubot_one:/opt/ros/humble'), ('SHELL', '/bin/bash'), ('QT_ACCESSIBILITY', '1'), ('GDMSESSION', 'ubuntu'), ('LESSCLOSE', '/usr/bin/lesspipe %s %s'), ('GPG_AGENT_INFO', '/run/user/1000/gnupg/S.gpg-agent:0:1'), ('QT_IM_MODULE', 'ibus'), ('PWD', '/home/daniel/Multi-robot-Navigation/build/turtlebot3_simulations'), ('TURTLEBOT3_MODEL', 'waffle'), ('LC_ALL', 'en_US.UTF-8'), ('XDG_CONFIG_DIRS', '/etc/xdg/xdg-ubuntu:/etc/xdg'), ('XDG_DATA_DIRS', '/usr/share/ubuntu:/usr/share/gnome:/usr/local/share/:/usr/share/:/var/lib/snapd/desktop'), ('PYTHONPATH', '/home/daniel/CustomMultibot/build/follow_waypoints:/home/daniel/CustomMultibot/install/follow_waypoints/lib/python3.10/site-packages:/home/daniel/dan_ws/install/follow_waypoint/lib/python3.10/site-packages:/opt/ros/humble/lib/python3.10/site-packages:/opt/ros/humble/local/lib/python3.10/dist-packages'), ('COLCON', '1'), ('VTE_VERSION', '6800'), ('CMAKE_PREFIX_PATH', '/home/daniel/Multi-robot-Navigation/install/turtlebot3_gazebo:/home/daniel/CustomMultibot/install/turtlebot3_simulations:/home/daniel/CustomMultibot/install/turtlebot3_gazebo:/home/daniel/CustomMultibot/install/nav2_bringup:/home/daniel/robots_ws/install/turtlebot3_simulations:/home/daniel/CustomMultibot/install/follow_waypoints:/home/daniel/dan_ws/install/follow_waypoint:/opt/ros/humble:/home/daniel/robots_ws/install/turtlebot3_gazebo:/home/daniel/robots_ws/install/turtlebot3_fake_node:/home/daniel/robots_ws/install/multi_robot_rosbot:/home/daniel/robots_ws/install/articubot_one:/home/daniel/dan_ws/install/articubot_one')]), 'shell': False}
[30.280298] (-) TimerEvent: {}
[30.380517] (-) TimerEvent: {}
[30.480795] (-) TimerEvent: {}
[30.581162] (-) TimerEvent: {}
[30.681395] (-) TimerEvent: {}
[30.781765] (-) TimerEvent: {}
[30.882093] (-) TimerEvent: {}
[30.982471] (-) TimerEvent: {}
[31.082782] (-) TimerEvent: {}
[31.183255] (-) TimerEvent: {}
[31.283476] (-) TimerEvent: {}
[31.293090] (turtlebot3_simulations) StdoutLine: {'line': b'-- The C compiler identification is GNU 11.4.0\n'}
[31.383726] (-) TimerEvent: {}
[31.458325] (turtlebot3_simulations) StdoutLine: {'line': b'-- The CXX compiler identification is GNU 11.4.0\n'}
[31.469458] (turtlebot3_simulations) StdoutLine: {'line': b'-- Detecting C compiler ABI info\n'}
[31.483875] (-) TimerEvent: {}
[31.584166] (-) TimerEvent: {}
[31.684378] (-) TimerEvent: {}
[31.700641] (turtlebot3_simulations) StdoutLine: {'line': b'-- Detecting C compiler ABI info - done\n'}
[31.706669] (turtlebot3_simulations) StdoutLine: {'line': b'-- Check for working C compiler: /usr/bin/cc - skipped\n'}
[31.707023] (turtlebot3_simulations) StdoutLine: {'line': b'-- Detecting C compile features\n'}
[31.721646] (turtlebot3_simulations) StdoutLine: {'line': b'-- Detecting C compile features - done\n'}
[31.725256] (turtlebot3_simulations) StdoutLine: {'line': b'-- Detecting CXX compiler ABI info\n'}
[31.780953] (turtlebot3_simulations) StdoutLine: {'line': b'-- Detecting CXX compiler ABI info - done\n'}
[31.784473] (-) TimerEvent: {}
[31.787088] (turtlebot3_simulations) StdoutLine: {'line': b'-- Check for working CXX compiler: /usr/bin/c++ - skipped\n'}
[31.787295] (turtlebot3_simulations) StdoutLine: {'line': b'-- Detecting CXX compile features\n'}
[31.787652] (turtlebot3_simulations) StdoutLine: {'line': b'-- Detecting CXX compile features - done\n'}
[31.884658] (-) TimerEvent: {}
[31.985090] (-) TimerEvent: {}
[32.085306] (-) TimerEvent: {}
[32.185659] (-) TimerEvent: {}
[32.199624] (turtlebot3_simulations) StdoutLine: {'line': b'-- Found ament_cmake: 1.3.9 (/opt/ros/humble/share/ament_cmake/cmake)\n'}
[32.285827] (-) TimerEvent: {}
[32.386115] (-) TimerEvent: {}
[32.486512] (-) TimerEvent: {}
[32.586807] (-) TimerEvent: {}
[32.687089] (-) TimerEvent: {}
[32.787372] (-) TimerEvent: {}
[32.887594] (-) TimerEvent: {}
[32.987932] (-) TimerEvent: {}
[33.088155] (-) TimerEvent: {}
[33.188384] (-) TimerEvent: {}
[33.225945] (turtlebot3_simulations) StdoutLine: {'line': b'-- Found Python3: /usr/bin/python3 (found version "3.10.12") found components: Interpreter \n'}
[33.288613] (-) TimerEvent: {}
[33.388939] (-) TimerEvent: {}
[33.447609] (turtlebot3_simulations) StdoutLine: {'line': b'-- Override CMake install command with custom implementation using symlinks instead of copying resources\n'}
[33.489103] (-) TimerEvent: {}
[33.589383] (-) TimerEvent: {}
[33.689623] (-) TimerEvent: {}
[33.790063] (-) TimerEvent: {}
[33.890376] (-) TimerEvent: {}
[34.094845] (-) TimerEvent: {}
[34.195154] (-) TimerEvent: {}
[34.295465] (-) TimerEvent: {}
[34.395734] (-) TimerEvent: {}
[34.496028] (-) TimerEvent: {}
[34.561161] (turtlebot3_simulations) StdoutLine: {'line': b'-- Configuring done\n'}
[34.562740] (turtlebot3_simulations) StdoutLine: {'line': b'-- Generating done\n'}
[34.563309] (turtlebot3_simulations) StdoutLine: {'line': b'-- Build files have been written to: /home/daniel/Multi-robot-Navigation/build/turtlebot3_simulations\n'}
[34.566298] (turtlebot3_simulations) CommandEnded: {'returncode': 0}
[34.566892] (turtlebot3_simulations) JobProgress: {'identifier': 'turtlebot3_simulations', 'progress': 'build'}
[34.567481] (turtlebot3_simulations) Command: {'cmd': ['/usr/bin/cmake', '--build', '/home/daniel/Multi-robot-Navigation/build/turtlebot3_simulations', '--', '-j8', '-l8'], 'cwd': '/home/daniel/Multi-robot-Navigation/build/turtlebot3_simulations', 'env': OrderedDict([('LESSOPEN', '| /usr/bin/lesspipe %s'), ('LANGUAGE', 'en_IN:en'), ('USER', 'daniel'), ('ROS_PACKAGE_PATH', '/home/daniel/robots_ws/install/turtlebot3_fake/share'), ('XDG_SESSION_TYPE', 'x11'), ('SHLVL', '1'), ('LD_LIBRARY_PATH', '/usr/lib/x86_64-linux-gnu/gazebo-11/plugins:/opt/ros/humble/opt/rviz_ogre_vendor/lib:/opt/ros/humble/lib/x86_64-linux-gnu:/opt/ros/humble/lib'), ('HOME', '/home/daniel'), ('OLDPWD', '/home/daniel'), ('DESKTOP_SESSION', 'ubuntu'), ('ROS_PYTHON_VERSION', '3'), ('GNOME_SHELL_SESSION_MODE', 'ubuntu'), ('GTK_MODULES', 'gail:atk-bridge'), ('SYSTEMD_EXEC_PID', '5335'), ('DBUS_SESSION_BUS_ADDRESS', 'unix:path=/run/user/1000/bus'), ('COLORTERM', 'truecolor'), ('COLCON_PREFIX_PATH', '/home/daniel/CustomMultibot/install:/home/daniel/robots_ws/install:/home/daniel/dan_ws/install'), ('ROS_DISTRO', 'humble'), ('GTK_IM_MODULE', 'ibus'), ('LOGNAME', 'daniel'), ('_', '/usr/bin/colcon'), ('ROS_VERSION', '2'), ('PKG_CONFIG_PATH', '/home/daniel/robots_ws/install/turtlebot3_fake/lib/x86_64-linux-gnu/pkgconfig:/home/daniel/robots_ws/install/turtlebot3_fake/lib/pkgconfig'), ('XDG_SESSION_CLASS', 'user'), ('USERNAME', 'daniel'), ('TERM', 'xterm-256color'), ('GNOME_DESKTOP_SESSION_ID', 'this-is-deprecated'), ('ROS_LOCALHOST_ONLY', '30'), ('WINDOWPATH', '2'), ('PATH', '/opt/ros/humble/bin:/usr/local/sbin:/usr/local/bin:/usr/sbin:/usr/bin:/sbin:/bin:/usr/games:/usr/local/games:/snap/bin:/snap/bin:/usr/local/go/bin:/home/daniel/.spicetify'), ('SESSION_MANAGER', 'local/daniel-legion-5:@/tmp/.ICE-unix/3377,unix/daniel-legion-5:/tmp/.ICE-unix/3377'), ('XDG_MENU_PREFIX', 'gnome-'), ('GNOME_TERMINAL_SCREEN', '/org/gnome/Terminal/screen/1fad61a9_d142_4812_b808_1685e103ca42'), ('XDG_RUNTIME_DIR', '/run/user/1000'), ('DISPLAY', ':1'), ('LANG', 'en_US.UTF-8'), ('XDG_CURRENT_DESKTOP', 'ubuntu:GNOME'), ('XMODIFIERS', '@im=ibus'), ('XDG_SESSION_DESKTOP', 'ubuntu'), ('XAUTHORITY', '/run/user/1000/gdm/Xauthority'), ('LS_COLORS', 'rs=0:di=01;34:ln=01;36:mh=00:pi=40;33:so=01;35:do=01;35:bd=40;33;01:cd=40;33;01:or=40;31;01:mi=00:su=37;41:sg=30;43:ca=30;41:tw=30;42:ow=34;42:st=37;44:ex=01;32:*.tar=01;31:*.tgz=01;31:*.arc=01;31:*.arj=01;31:*.taz=01;31:*.lha=01;31:*.lz4=01;31:*.lzh=01;31:*.lzma=01;31:*.tlz=01;31:*.txz=01;31:*.tzo=01;31:*.t7z=01;31:*.zip=01;31:*.z=01;31:*.dz=01;31:*.gz=01;31:*.lrz=01;31:*.lz=01;31:*.lzo=01;31:*.xz=01;31:*.zst=01;31:*.tzst=01;31:*.bz2=01;31:*.bz=01;31:*.tbz=01;31:*.tbz2=01;31:*.tz=01;31:*.deb=01;31:*.rpm=01;31:*.jar=01;31:*.war=01;31:*.ear=01;31:*.sar=01;31:*.rar=01;31:*.alz=01;31:*.ace=01;31:*.zoo=01;31:*.cpio=01;31:*.7z=01;31:*.rz=01;31:*.cab=01;31:*.wim=01;31:*.swm=01;31:*.dwm=01;31:*.esd=01;31:*.jpg=01;35:*.jpeg=01;35:*.mjpg=01;35:*.mjpeg=01;35:*.gif=01;35:*.bmp=01;35:*.pbm=01;35:*.pgm=01;35:*.ppm=01;35:*.tga=01;35:*.xbm=01;35:*.xpm=01;35:*.tif=01;35:*.tiff=01;35:*.png=01;35:*.svg=01;35:*.svgz=01;35:*.mng=01;35:*.pcx=01;35:*.mov=01;35:*.mpg=01;35:*.mpeg=01;35:*.m2v=01;35:*.mkv=01;35:*.webm=01;35:*.webp=01;35:*.ogm=01;35:*.mp4=01;35:*.m4v=01;35:*.mp4v=01;35:*.vob=01;35:*.qt=01;35:*.nuv=01;35:*.wmv=01;35:*.asf=01;35:*.rm=01;35:*.rmvb=01;35:*.flc=01;35:*.avi=01;35:*.fli=01;35:*.flv=01;35:*.gl=01;35:*.dl=01;35:*.xcf=01;35:*.xwd=01;35:*.yuv=01;35:*.cgm=01;35:*.emf=01;35:*.ogv=01;35:*.ogx=01;35:*.aac=00;36:*.au=00;36:*.flac=00;36:*.m4a=00;36:*.mid=00;36:*.midi=00;36:*.mka=00;36:*.mp3=00;36:*.mpc=00;36:*.ogg=00;36:*.ra=00;36:*.wav=00;36:*.oga=00;36:*.opus=00;36:*.spx=00;36:*.xspf=00;36:'), ('GNOME_TERMINAL_SERVICE', ':1.91'), ('SSH_AGENT_LAUNCHER', 'gnome-keyring'), ('SSH_AUTH_SOCK', '/run/user/1000/keyring/ssh'), ('AMENT_PREFIX_PATH', '/home/daniel/Multi-robot-Navigation/install/turtlebot3_gazebo:/home/daniel/CustomMultibot/install/turtlebot3_simulations:/home/daniel/CustomMultibot/install/turtlebot3_gazebo:/home/daniel/CustomMultibot/install/nav2_bringup:/home/daniel/CustomMultibot/install/follow_waypoints:/home/daniel/robots_ws/install/turtlebot3_simulations:/home/daniel/robots_ws/install/turtlebot3_gazebo:/home/daniel/robots_ws/install/turtlebot3_fake_node:/home/daniel/robots_ws/install/multi_robot_rosbot:/home/daniel/robots_ws/install/articubot_one:/home/daniel/dan_ws/install/follow_waypoint:/home/daniel/dan_ws/install/articubot_one:/opt/ros/humble'), ('SHELL', '/bin/bash'), ('QT_ACCESSIBILITY', '1'), ('GDMSESSION', 'ubuntu'), ('LESSCLOSE', '/usr/bin/lesspipe %s %s'), ('GPG_AGENT_INFO', '/run/user/1000/gnupg/S.gpg-agent:0:1'), ('QT_IM_MODULE', 'ibus'), ('PWD', '/home/daniel/Multi-robot-Navigation/build/turtlebot3_simulations'), ('TURTLEBOT3_MODEL', 'waffle'), ('LC_ALL', 'en_US.UTF-8'), ('XDG_CONFIG_DIRS', '/etc/xdg/xdg-ubuntu:/etc/xdg'), ('XDG_DATA_DIRS', '/usr/share/ubuntu:/usr/share/gnome:/usr/local/share/:/usr/share/:/var/lib/snapd/desktop'), ('PYTHONPATH', '/home/daniel/CustomMultibot/build/follow_waypoints:/home/daniel/CustomMultibot/install/follow_waypoints/lib/python3.10/site-packages:/home/daniel/dan_ws/install/follow_waypoint/lib/python3.10/site-packages:/opt/ros/humble/lib/python3.10/site-packages:/opt/ros/humble/local/lib/python3.10/dist-packages'), ('COLCON', '1'), ('VTE_VERSION', '6800'), ('CMAKE_PREFIX_PATH', '/home/daniel/Multi-robot-Navigation/install/turtlebot3_gazebo:/home/daniel/CustomMultibot/install/turtlebot3_simulations:/home/daniel/CustomMultibot/install/turtlebot3_gazebo:/home/daniel/CustomMultibot/install/nav2_bringup:/home/daniel/robots_ws/install/turtlebot3_simulations:/home/daniel/CustomMultibot/install/follow_waypoints:/home/daniel/dan_ws/install/follow_waypoint:/opt/ros/humble:/home/daniel/robots_ws/install/turtlebot3_gazebo:/home/daniel/robots_ws/install/turtlebot3_fake_node:/home/daniel/robots_ws/install/multi_robot_rosbot:/home/daniel/robots_ws/install/articubot_one:/home/daniel/dan_ws/install/articubot_one')]), 'shell': False}
[34.592538] (turtlebot3_simulations) CommandEnded: {'returncode': 0}
[34.596073] (-) TimerEvent: {}
[34.606724] (turtlebot3_simulations) JobProgress: {'identifier': 'turtlebot3_simulations', 'progress': 'install'}
[34.606904] (turtlebot3_simulations) Command: {'cmd': ['/usr/bin/cmake', '--install', '/home/daniel/Multi-robot-Navigation/build/turtlebot3_simulations'], 'cwd': '/home/daniel/Multi-robot-Navigation/build/turtlebot3_simulations', 'env': OrderedDict([('LESSOPEN', '| /usr/bin/lesspipe %s'), ('LANGUAGE', 'en_IN:en'), ('USER', 'daniel'), ('ROS_PACKAGE_PATH', '/home/daniel/robots_ws/install/turtlebot3_fake/share'), ('XDG_SESSION_TYPE', 'x11'), ('SHLVL', '1'), ('LD_LIBRARY_PATH', '/usr/lib/x86_64-linux-gnu/gazebo-11/plugins:/opt/ros/humble/opt/rviz_ogre_vendor/lib:/opt/ros/humble/lib/x86_64-linux-gnu:/opt/ros/humble/lib'), ('HOME', '/home/daniel'), ('OLDPWD', '/home/daniel'), ('DESKTOP_SESSION', 'ubuntu'), ('ROS_PYTHON_VERSION', '3'), ('GNOME_SHELL_SESSION_MODE', 'ubuntu'), ('GTK_MODULES', 'gail:atk-bridge'), ('SYSTEMD_EXEC_PID', '5335'), ('DBUS_SESSION_BUS_ADDRESS', 'unix:path=/run/user/1000/bus'), ('COLORTERM', 'truecolor'), ('COLCON_PREFIX_PATH', '/home/daniel/CustomMultibot/install:/home/daniel/robots_ws/install:/home/daniel/dan_ws/install'), ('ROS_DISTRO', 'humble'), ('GTK_IM_MODULE', 'ibus'), ('LOGNAME', 'daniel'), ('_', '/usr/bin/colcon'), ('ROS_VERSION', '2'), ('PKG_CONFIG_PATH', '/home/daniel/robots_ws/install/turtlebot3_fake/lib/x86_64-linux-gnu/pkgconfig:/home/daniel/robots_ws/install/turtlebot3_fake/lib/pkgconfig'), ('XDG_SESSION_CLASS', 'user'), ('USERNAME', 'daniel'), ('TERM', 'xterm-256color'), ('GNOME_DESKTOP_SESSION_ID', 'this-is-deprecated'), ('ROS_LOCALHOST_ONLY', '30'), ('WINDOWPATH', '2'), ('PATH', '/opt/ros/humble/bin:/usr/local/sbin:/usr/local/bin:/usr/sbin:/usr/bin:/sbin:/bin:/usr/games:/usr/local/games:/snap/bin:/snap/bin:/usr/local/go/bin:/home/daniel/.spicetify'), ('SESSION_MANAGER', 'local/daniel-legion-5:@/tmp/.ICE-unix/3377,unix/daniel-legion-5:/tmp/.ICE-unix/3377'), ('XDG_MENU_PREFIX', 'gnome-'), ('GNOME_TERMINAL_SCREEN', '/org/gnome/Terminal/screen/1fad61a9_d142_4812_b808_1685e103ca42'), ('XDG_RUNTIME_DIR', '/run/user/1000'), ('DISPLAY', ':1'), ('LANG', 'en_US.UTF-8'), ('XDG_CURRENT_DESKTOP', 'ubuntu:GNOME'), ('XMODIFIERS', '@im=ibus'), ('XDG_SESSION_DESKTOP', 'ubuntu'), ('XAUTHORITY', '/run/user/1000/gdm/Xauthority'), ('LS_COLORS', 'rs=0:di=01;34:ln=01;36:mh=00:pi=40;33:so=01;35:do=01;35:bd=40;33;01:cd=40;33;01:or=40;31;01:mi=00:su=37;41:sg=30;43:ca=30;41:tw=30;42:ow=34;42:st=37;44:ex=01;32:*.tar=01;31:*.tgz=01;31:*.arc=01;31:*.arj=01;31:*.taz=01;31:*.lha=01;31:*.lz4=01;31:*.lzh=01;31:*.lzma=01;31:*.tlz=01;31:*.txz=01;31:*.tzo=01;31:*.t7z=01;31:*.zip=01;31:*.z=01;31:*.dz=01;31:*.gz=01;31:*.lrz=01;31:*.lz=01;31:*.lzo=01;31:*.xz=01;31:*.zst=01;31:*.tzst=01;31:*.bz2=01;31:*.bz=01;31:*.tbz=01;31:*.tbz2=01;31:*.tz=01;31:*.deb=01;31:*.rpm=01;31:*.jar=01;31:*.war=01;31:*.ear=01;31:*.sar=01;31:*.rar=01;31:*.alz=01;31:*.ace=01;31:*.zoo=01;31:*.cpio=01;31:*.7z=01;31:*.rz=01;31:*.cab=01;31:*.wim=01;31:*.swm=01;31:*.dwm=01;31:*.esd=01;31:*.jpg=01;35:*.jpeg=01;35:*.mjpg=01;35:*.mjpeg=01;35:*.gif=01;35:*.bmp=01;35:*.pbm=01;35:*.pgm=01;35:*.ppm=01;35:*.tga=01;35:*.xbm=01;35:*.xpm=01;35:*.tif=01;35:*.tiff=01;35:*.png=01;35:*.svg=01;35:*.svgz=01;35:*.mng=01;35:*.pcx=01;35:*.mov=01;35:*.mpg=01;35:*.mpeg=01;35:*.m2v=01;35:*.mkv=01;35:*.webm=01;35:*.webp=01;35:*.ogm=01;35:*.mp4=01;35:*.m4v=01;35:*.mp4v=01;35:*.vob=01;35:*.qt=01;35:*.nuv=01;35:*.wmv=01;35:*.asf=01;35:*.rm=01;35:*.rmvb=01;35:*.flc=01;35:*.avi=01;35:*.fli=01;35:*.flv=01;35:*.gl=01;35:*.dl=01;35:*.xcf=01;35:*.xwd=01;35:*.yuv=01;35:*.cgm=01;35:*.emf=01;35:*.ogv=01;35:*.ogx=01;35:*.aac=00;36:*.au=00;36:*.flac=00;36:*.m4a=00;36:*.mid=00;36:*.midi=00;36:*.mka=00;36:*.mp3=00;36:*.mpc=00;36:*.ogg=00;36:*.ra=00;36:*.wav=00;36:*.oga=00;36:*.opus=00;36:*.spx=00;36:*.xspf=00;36:'), ('GNOME_TERMINAL_SERVICE', ':1.91'), ('SSH_AGENT_LAUNCHER', 'gnome-keyring'), ('SSH_AUTH_SOCK', '/run/user/1000/keyring/ssh'), ('AMENT_PREFIX_PATH', '/home/daniel/Multi-robot-Navigation/install/turtlebot3_gazebo:/home/daniel/CustomMultibot/install/turtlebot3_simulations:/home/daniel/CustomMultibot/install/turtlebot3_gazebo:/home/daniel/CustomMultibot/install/nav2_bringup:/home/daniel/CustomMultibot/install/follow_waypoints:/home/daniel/robots_ws/install/turtlebot3_simulations:/home/daniel/robots_ws/install/turtlebot3_gazebo:/home/daniel/robots_ws/install/turtlebot3_fake_node:/home/daniel/robots_ws/install/multi_robot_rosbot:/home/daniel/robots_ws/install/articubot_one:/home/daniel/dan_ws/install/follow_waypoint:/home/daniel/dan_ws/install/articubot_one:/opt/ros/humble'), ('SHELL', '/bin/bash'), ('QT_ACCESSIBILITY', '1'), ('GDMSESSION', 'ubuntu'), ('LESSCLOSE', '/usr/bin/lesspipe %s %s'), ('GPG_AGENT_INFO', '/run/user/1000/gnupg/S.gpg-agent:0:1'), ('QT_IM_MODULE', 'ibus'), ('PWD', '/home/daniel/Multi-robot-Navigation/build/turtlebot3_simulations'), ('TURTLEBOT3_MODEL', 'waffle'), ('LC_ALL', 'en_US.UTF-8'), ('XDG_CONFIG_DIRS', '/etc/xdg/xdg-ubuntu:/etc/xdg'), ('XDG_DATA_DIRS', '/usr/share/ubuntu:/usr/share/gnome:/usr/local/share/:/usr/share/:/var/lib/snapd/desktop'), ('PYTHONPATH', '/home/daniel/CustomMultibot/build/follow_waypoints:/home/daniel/CustomMultibot/install/follow_waypoints/lib/python3.10/site-packages:/home/daniel/dan_ws/install/follow_waypoint/lib/python3.10/site-packages:/opt/ros/humble/lib/python3.10/site-packages:/opt/ros/humble/local/lib/python3.10/dist-packages'), ('COLCON', '1'), ('VTE_VERSION', '6800'), ('CMAKE_PREFIX_PATH', '/home/daniel/Multi-robot-Navigation/install/turtlebot3_gazebo:/home/daniel/CustomMultibot/install/turtlebot3_simulations:/home/daniel/CustomMultibot/install/turtlebot3_gazebo:/home/daniel/CustomMultibot/install/nav2_bringup:/home/daniel/robots_ws/install/turtlebot3_simulations:/home/daniel/CustomMultibot/install/follow_waypoints:/home/daniel/dan_ws/install/follow_waypoint:/opt/ros/humble:/home/daniel/robots_ws/install/turtlebot3_gazebo:/home/daniel/robots_ws/install/turtlebot3_fake_node:/home/daniel/robots_ws/install/multi_robot_rosbot:/home/daniel/robots_ws/install/articubot_one:/home/daniel/dan_ws/install/articubot_one')]), 'shell': False}
[34.612631] (turtlebot3_simulations) StdoutLine: {'line': b'-- Install configuration: ""\n'}
[34.612942] (turtlebot3_simulations) StdoutLine: {'line': b'-- Execute custom install script\n'}
[34.613245] (turtlebot3_simulations) StdoutLine: {'line': b'-- Symlinking: /home/daniel/Multi-robot-Navigation/install/turtlebot3_simulations/share/ament_index/resource_index/package_run_dependencies/turtlebot3_simulations\n'}
[34.619306] (turtlebot3_simulations) StdoutLine: {'line': b'-- Symlinking: /home/daniel/Multi-robot-Navigation/install/turtlebot3_simulations/share/ament_index/resource_index/parent_prefix_path/turtlebot3_simulations\n'}
[34.625343] (turtlebot3_simulations) StdoutLine: {'line': b'-- Symlinking: /home/daniel/Multi-robot-Navigation/install/turtlebot3_simulations/share/turtlebot3_simulations/environment/ament_prefix_path.sh\n'}
[34.631456] (turtlebot3_simulations) StdoutLine: {'line': b'-- Symlinking: /home/daniel/Multi-robot-Navigation/install/turtlebot3_simulations/share/turtlebot3_simulations/environment/ament_prefix_path.dsv\n'}
[34.637337] (turtlebot3_simulations) StdoutLine: {'line': b'-- Symlinking: /home/daniel/Multi-robot-Navigation/install/turtlebot3_simulations/share/turtlebot3_simulations/environment/path.sh\n'}
[34.643443] (turtlebot3_simulations) StdoutLine: {'line': b'-- Symlinking: /home/daniel/Multi-robot-Navigation/install/turtlebot3_simulations/share/turtlebot3_simulations/environment/path.dsv\n'}
[34.649658] (turtlebot3_simulations) StdoutLine: {'line': b'-- Symlinking: /home/daniel/Multi-robot-Navigation/install/turtlebot3_simulations/share/turtlebot3_simulations/local_setup.bash\n'}
[34.655763] (turtlebot3_simulations) StdoutLine: {'line': b'-- Symlinking: /home/daniel/Multi-robot-Navigation/install/turtlebot3_simulations/share/turtlebot3_simulations/local_setup.sh\n'}
[34.661741] (turtlebot3_simulations) StdoutLine: {'line': b'-- Symlinking: /home/daniel/Multi-robot-Navigation/install/turtlebot3_simulations/share/turtlebot3_simulations/local_setup.zsh\n'}
[34.667930] (turtlebot3_simulations) StdoutLine: {'line': b'-- Symlinking: /home/daniel/Multi-robot-Navigation/install/turtlebot3_simulations/share/turtlebot3_simulations/local_setup.dsv\n'}
[34.673867] (turtlebot3_simulations) StdoutLine: {'line': b'-- Symlinking: /home/daniel/Multi-robot-Navigation/install/turtlebot3_simulations/share/turtlebot3_simulations/package.dsv\n'}
[34.679689] (turtlebot3_simulations) StdoutLine: {'line': b'-- Symlinking: /home/daniel/Multi-robot-Navigation/install/turtlebot3_simulations/share/ament_index/resource_index/packages/turtlebot3_simulations\n'}
[34.685835] (turtlebot3_simulations) StdoutLine: {'line': b'-- Symlinking: /home/daniel/Multi-robot-Navigation/install/turtlebot3_simulations/share/turtlebot3_simulations/cmake/turtlebot3_simulationsConfig.cmake\n'}
[34.691512] (turtlebot3_simulations) StdoutLine: {'line': b'-- Symlinking: /home/daniel/Multi-robot-Navigation/install/turtlebot3_simulations/share/turtlebot3_simulations/cmake/turtlebot3_simulationsConfig-version.cmake\n'}
[34.696165] (-) TimerEvent: {}
[34.698158] (turtlebot3_simulations) StdoutLine: {'line': b'-- Symlinking: /home/daniel/Multi-robot-Navigation/install/turtlebot3_simulations/share/turtlebot3_simulations/package.xml\n'}
[34.705236] (turtlebot3_simulations) CommandEnded: {'returncode': 0}
[34.727368] (turtlebot3_simulations) JobEnded: {'identifier': 'turtlebot3_simulations', 'rc': 0}
[34.727852] (-) EventReactorShutdown: {}
